,dteday,lm_predications,predicted_lvl_1_cnt,cnt
0,2012-10-01,79.78594244628907,79.78594244628907,45
1,2012-10-01,55.676470566406266,55.676470566406266,18
2,2012-10-01,60.18193854003907,60.18193854003907,12
3,2012-10-01,46.779986191406266,46.779986191406266,7
4,2012-10-01,38.19404726074218,38.19404726074218,10
5,2012-10-01,67.18965416015627,67.18965416015627,36
6,2012-10-01,124.44240074218749,124.44240074218749,155
7,2012-10-01,386.77031871093766,386.77031871093766,483
8,2012-10-01,599.162027163086,599.162027163086,784
9,2012-10-01,308.73375585937504,308.73375585937504,340
10,2012-10-01,231.6274245605469,231.6274245605469,179
11,2012-10-01,262.1793210449219,262.1793210449219,272
12,2012-10-01,295.9634033203125,295.9634033203125,323
13,2012-10-01,290.3403564453125,290.3403564453125,305
14,2012-10-01,275.7201171875,275.7201171875,244
15,2012-10-01,289.68410131835935,289.68410131835935,329
16,2012-10-01,486.1177680615235,486.1177680615235,459
17,2012-10-01,610.4230445703124,610.4230445703124,856
18,2012-10-01,522.393045546875,522.393045546875,613
19,2012-10-01,460.7414508642578,460.7414508642578,516
20,2012-10-01,217.85210467285157,217.85210467285157,262
21,2012-10-01,217.64379168457032,217.64379168457032,218
22,2012-10-01,119.2170338720703,119.2170338720703,207
23,2012-10-01,77.8207936376953,77.8207936376953,105
24,2012-10-02,104.15478822265624,104.15478822265624,31
25,2012-10-02,79.4660573095703,79.4660573095703,11
26,2012-10-02,73.4211354345703,73.4211354345703,2
27,2012-10-02,59.6769948095703,59.6769948095703,5
28,2012-10-02,72.45508119140624,72.45508119140624,10
29,2012-10-02,89.73584291015624,89.73584291015624,43
30,2012-10-02,98.01686313964845,98.01686313964845,179
31,2012-10-02,390.5346360888673,390.5346360888673,260
32,2012-10-02,599.6924462890622,599.6924462890622,134
33,2012-10-02,252.3873288574219,252.3873288574219,86
34,2012-10-02,155.5865476074219,155.5865476074219,45
35,2012-10-02,165.6041257324219,165.6041257324219,99
36,2012-10-02,262.4614501953125,262.4614501953125,104
37,2012-10-02,258.0503173828125,258.0503173828125,154
38,2012-10-02,186.42519531250002,186.42519531250002,163
39,2012-10-02,207.49757788085935,207.49757788085935,209
40,2012-10-02,402.7974555615235,402.7974555615235,374
41,2012-10-02,620.8208930615235,620.8208930615235,715
42,2012-10-02,529.264184321289,529.264184321289,687
43,2012-10-02,425.174340571289,425.174340571289,395
44,2012-10-02,221.8014504345703,221.8014504345703,306
45,2012-10-02,171.5639016064453,171.5639016064453,289
46,2012-10-02,188.0668312939453,188.0668312939453,240
47,2012-10-02,146.9242531689453,146.9242531689453,98
48,2012-10-03,47.46380395019531,47.46380395019531,52
49,2012-10-03,89.05608910644531,89.05608910644531,19
50,2012-10-03,83.36858910644531,83.36858910644531,9
51,2012-10-03,72.15587402343749,72.15587402343749,7
52,2012-10-03,68.36632324218749,68.36632324218749,11
53,2012-10-03,99.03216332519531,99.03216332519531,34
54,2012-10-03,150.3057763671875,150.3057763671875,177
55,2012-10-03,443.2811669921874,443.2811669921874,515
56,2012-10-03,667.3208930615235,667.3208930615235,809
57,2012-10-03,325.54640600585935,325.54640600585935,362
58,2012-10-03,250.13492944335934,250.13492944335934,175
59,2012-10-03,264.31071069335934,264.31071069335934,230
60,2012-10-03,304.06708374023435,304.06708374023435,358
61,2012-10-03,297.60809936523435,297.60809936523435,279
62,2012-10-03,287.300328125,287.300328125,251
63,2012-10-03,304.0462998046875,304.0462998046875,319
64,2012-10-03,521.4573505078125,521.4573505078125,478
65,2012-10-03,738.0689373779296,738.0689373779296,917
66,2012-10-03,662.8578106689455,662.8578106689455,810
67,2012-10-03,557.3773419189455,557.3773419189455,593
68,2012-10-03,338.39808166503906,338.39808166503906,497
69,2012-10-03,262.49151144042963,262.49151144042963,209
70,2012-10-03,232.47686300292963,232.47686300292963,241
71,2012-10-03,175.07720479980463,175.07720479980463,220
72,2012-10-04,65.3917790625,65.3917790625,76
73,2012-10-04,96.32269066894531,96.32269066894531,25
74,2012-10-04,110.80730640625,110.80730640625,13
75,2012-10-04,92.64837426269531,92.64837426269531,11
76,2012-10-04,99.05047046875,99.05047046875,10
77,2012-10-04,59.51970875000001,59.51970875000001,39
78,2012-10-04,107.96355980957031,107.96355980957031,133
79,2012-10-04,477.5429685156249,477.5429685156249,391
80,2012-10-04,690.7206628515623,690.7206628515623,738
81,2012-10-04,329.51036035156255,329.51036035156255,359
82,2012-10-04,242.82047631835934,242.82047631835934,177
83,2012-10-04,274.93915405273435,274.93915405273435,214
84,2012-10-04,322.2103623046875,322.2103623046875,288
85,2012-10-04,312.1185654296875,312.1185654296875,294
86,2012-10-04,301.38861694335935,301.38861694335935,267
87,2012-10-04,320.2943466796875,320.2943466796875,325
88,2012-10-04,528.8579998779296,528.8579998779296,497
89,2012-10-04,749.1079998779296,749.1079998779296,901
90,2012-10-04,655.0625422021483,655.0625422021483,887
91,2012-10-04,549.4629328271483,549.4629328271483,534
92,2012-10-04,327.25188648437495,327.25188648437495,441
93,2012-10-04,272.2958352001953,272.2958352001953,321
94,2012-10-04,250.149347421875,250.149347421875,232
95,2012-10-04,196.3738916015625,196.3738916015625,155
96,2012-10-05,127.16162416015624,127.16162416015624,102
97,2012-10-05,109.0900807470703,109.0900807470703,46
98,2012-10-05,99.6916432470703,99.6916432470703,11
99,2012-10-05,96.2892994970703,96.2892994970703,16
100,2012-10-05,95.8381276220703,95.8381276220703,11
101,2012-10-05,108.44528400390624,108.44528400390624,41
102,2012-10-05,163.128572578125,163.128572578125,137
103,2012-10-05,442.34845246093755,442.34845246093755,428
104,2012-10-05,688.9010420947266,688.9010420947266,785
105,2012-10-05,360.7231689453125,360.7231689453125,384
106,2012-10-05,277.20231225585934,277.20231225585934,260
107,2012-10-05,300.08661499023435,300.08661499023435,304
108,2012-10-05,340.3031357421875,340.3031357421875,468
109,2012-10-05,330.90106811523435,330.90106811523435,424
110,2012-10-05,323.37045678710933,323.37045678710933,400
111,2012-10-05,331.8519638671875,331.8519638671875,470
112,2012-10-05,550.8636005078125,550.8636005078125,634
113,2012-10-05,757.2837811279296,757.2837811279296,900
114,2012-10-05,652.4365232031249,652.4365232031249,761
115,2012-10-05,524.280785883789,524.280785883789,500
116,2012-10-05,311.5958154296875,311.5958154296875,372
117,2012-10-05,268.0386865234375,268.0386865234375,267
118,2012-10-05,224.8570458984375,224.8570458984375,264
119,2012-10-05,169.49464634277345,169.49464634277345,171
120,2012-10-08,41.85024487792969,41.85024487792969,51
121,2012-10-08,5.3763306005859235,5.3763306005859235,37
122,2012-10-08,3.2082397802734235,3.2082397802734235,15
123,2012-10-08,1.8859741552734235,1.8859741552734235,10
124,2012-10-08,-7.264566923828141,-7.264566923828141,7
125,2012-10-08,21.067370639648423,21.067370639648423,19
126,2012-10-08,84.30668948730468,84.30668948730468,59
127,2012-10-08,310.74759329589847,310.74759329589847,154
128,2012-10-08,541.4752141015628,541.4752141015628,397
129,2012-10-08,256.9315866699219,256.9315866699219,332
130,2012-10-08,158.86225073242187,158.86225073242187,298
131,2012-10-08,183.78334960937497,183.78334960937497,308
132,2012-10-08,222.2739987792969,222.2739987792969,341
133,2012-10-08,216.9556394042969,216.9556394042969,405
134,2012-10-08,205.4632077636719,205.4632077636719,420
135,2012-10-08,159.5767331542969,159.5767331542969,370
136,2012-10-08,323.36825307128925,323.36825307128925,377
137,2012-10-08,590.4014561962892,590.4014561962892,497
138,2012-10-08,496.2671790966798,496.2671790966798,456
139,2012-10-08,376.48433593749996,376.48433593749996,371
140,2012-10-08,162.65378173828122,162.65378173828122,227
141,2012-10-08,164.02365478515625,164.02365478515625,151
142,2012-10-08,67.23947509765625,67.23947509765625,107
143,2012-10-08,84.41257080078125,84.41257080078125,69
144,2012-10-09,51.52846753417969,51.52846753417969,31
145,2012-10-09,-31.497065683593725,-31.497065683593725,13
146,2012-10-09,-38.804560800781225,-38.804560800781225,7
147,2012-10-09,-43.464594980468725,-43.464594980468725,3
148,2012-10-09,-38.586909433593725,-38.586909433593725,7
149,2012-10-09,46.58217847167969,46.58217847167969,19
150,2012-10-09,104.25567090332032,104.25567090332032,143
151,2012-10-09,362.79170801269527,362.79170801269527,362
152,2012-10-09,590.3643468212892,590.3643468212892,713
153,2012-10-09,282.5093503417969,282.5093503417969,382
154,2012-10-09,192.67733789062493,192.67733789062493,164
155,2012-10-09,222.63321874999997,222.63321874999997,193
156,2012-10-09,256.89982031249997,256.89982031249997,260
157,2012-10-09,259.0192565917969,259.0192565917969,238
158,2012-10-09,254.6826003417969,254.6826003417969,244
159,2012-10-09,262.27281835937504,262.27281835937504,254
160,2012-10-09,429.8672637939453,429.8672637939453,424
161,2012-10-09,659.0051087109375,659.0051087109375,806
162,2012-10-09,555.7033538818359,555.7033538818359,784
163,2012-10-09,450.88694763183594,450.88694763183594,514
164,2012-10-09,270.7361297607422,270.7361297607422,360
165,2012-10-09,210.49897966796874,210.49897966796874,225
166,2012-10-09,171.03218279296874,171.03218279296874,162
167,2012-10-09,128.07734880859374,128.07734880859374,84
168,2012-10-10,69.89043463378907,69.89043463378907,33
169,2012-10-10,56.03643072753907,56.03643072753907,8
170,2012-10-10,49.87822760253907,49.87822760253907,8
171,2012-10-10,45.48369635253907,45.48369635253907,6
172,2012-10-10,45.92314947753907,45.92314947753907,6
173,2012-10-10,63.78984869628907,63.78984869628907,40
174,2012-10-10,122.4553150048828,122.4553150048828,175
175,2012-10-10,404.21148248535155,404.21148248535155,507
176,2012-10-10,636.7852325439453,636.7852325439453,839
177,2012-10-10,333.2299636230469,333.2299636230469,366
178,2012-10-10,246.78192773437496,246.78192773437496,217
179,2012-10-10,257.2172683105469,257.2172683105469,291
180,2012-10-10,287.9262526855469,287.9262526855469,390
181,2012-10-10,295.75849023437496,295.75849023437496,297
182,2012-10-10,295.1576171875,295.1576171875,271
183,2012-10-10,306.4087158203125,306.4087158203125,319
184,2012-10-10,502.2315087890622,502.2315087890622,566
185,2012-10-10,707.3658858447266,707.3658858447266,948
186,2012-10-10,598.519998671875,598.519998671875,844
187,2012-10-10,489.051248671875,489.051248671875,566
188,2012-10-10,293.267244453125,293.267244453125,392
189,2012-10-10,235.9664764404297,235.9664764404297,269
190,2012-10-10,182.19512213378908,182.19512213378908,197
191,2012-10-10,133.11763267578127,133.11763267578127,136
192,2012-10-11,99.82637291015627,99.82637291015627,42
193,2012-10-11,86.36494712890627,86.36494712890627,11
194,2012-10-11,72.89033632324218,72.89033632324218,11
195,2012-10-11,67.65791444824218,67.65791444824218,3
196,2012-10-11,61.89328369140626,61.89328369140626,10
197,2012-10-11,66.68750462890628,66.68750462890628,42
198,2012-10-11,125.39239964843749,125.39239964843749,159
199,2012-10-11,365.2276711328125,365.2276711328125,478
200,2012-10-11,596.1862585498047,596.1862585498047,798
201,2012-10-11,302.94252929687497,302.94252929687497,355
202,2012-10-11,218.99667382812493,218.99667382812493,204
203,2012-10-11,248.25276635742188,248.25276635742188,251
204,2012-10-11,282.5847976074219,282.5847976074219,326
205,2012-10-11,289.1842956542969,289.1842956542969,291
206,2012-10-11,277.88951757812504,277.88951757812504,348
207,2012-10-11,286.38414648437504,286.38414648437504,460
208,2012-10-11,459.7949981689453,459.7949981689453,481
209,2012-10-11,672.1660919189453,672.1660919189453,827
210,2012-10-11,560.4575762353516,560.4575762353516,692
211,2012-10-11,440.18438121093766,440.18438121093766,743
212,2012-10-11,258.99220399902345,258.99220399902345,415
213,2012-10-11,208.4543011669922,208.4543011669922,260
214,2012-10-11,158.89865478515625,158.89865478515625,177
215,2012-10-11,128.9779828076172,128.9779828076172,186
216,2012-10-12,77.67746337890625,77.67746337890625,68
217,2012-10-12,62.77072509765626,62.77072509765626,37
218,2012-10-12,56.68088134765626,56.68088134765626,16
219,2012-10-12,31.751469472656275,31.751469472656275,6
220,2012-10-12,33.479985097656275,33.479985097656275,8
221,2012-10-12,48.049809316406275,48.049809316406275,35
222,2012-10-12,100.37651370605468,100.37651370605468,143
223,2012-10-12,350.5313820703125,350.5313820703125,392
224,2012-10-12,604.5303624462892,604.5303624462892,745
225,2012-10-12,336.2370300292969,336.2370300292969,400
226,2012-10-12,246.08043554687504,246.08043554687504,275
227,2012-10-12,263.2319167480469,263.2319167480469,313
228,2012-10-12,294.4057448730469,294.4057448730469,387
229,2012-10-12,295.02118554687496,295.02118554687496,381
230,2012-10-12,277.68170800781246,277.68170800781246,371
231,2012-10-12,275.70543554687504,275.70543554687504,455
232,2012-10-12,434.013589663086,434.013589663086,520
233,2012-10-12,652.691324038086,652.691324038086,837
234,2012-10-12,551.8992249609377,551.8992249609377,642
235,2012-10-12,435.2808509716798,435.2808509716798,493
236,2012-10-12,270.39161806152345,270.39161806152345,308
237,2012-10-12,207.41281494140625,207.41281494140625,190
238,2012-10-12,169.89914306640625,169.89914306640625,160
239,2012-10-12,106.76038060546878,106.76038060546878,100
240,2012-10-15,94.79980775390624,94.79980775390624,48
241,2012-10-15,88.42042759277345,88.42042759277345,29
242,2012-10-15,82.60402134277345,82.60402134277345,6
243,2012-10-15,69.05127259765624,69.05127259765624,4
244,2012-10-15,74.98681947265624,74.98681947265624,10
245,2012-10-15,88.20898744140624,88.20898744140624,40
246,2012-10-15,146.61249085937501,146.61249085937501,147
247,2012-10-15,446.8256517138673,446.8256517138673,476
248,2012-10-15,664.5361962890622,664.5361962890622,737
249,2012-10-15,260.5649658203125,260.5649658203125,359
250,2012-10-15,216.55910644531252,216.55910644531252,168
251,2012-10-15,230.16262207031252,230.16262207031252,263
252,2012-10-15,204.84328613281252,204.84328613281252,284
253,2012-10-15,241.15009179687496,241.15009179687496,146
254,2012-10-15,240.72011718750002,240.72011718750002,185
255,2012-10-15,260.9927001953125,260.9927001953125,260
256,2012-10-15,451.4855445703124,451.4855445703124,447
257,2012-10-15,669.9035133203124,669.9035133203124,766
258,2012-10-15,501.7297321142578,501.7297321142578,592
259,2012-10-15,383.84845246093755,383.84845246093755,239
260,2012-10-15,256.137361640625,256.137361640625,256
261,2012-10-15,224.86178791015624,224.86178791015624,206
262,2012-10-15,180.3414764404297,180.3414764404297,126
263,2012-10-15,125.04692877441407,125.04692877441407,81
264,2012-10-16,82.46709479003907,82.46709479003907,48
265,2012-10-16,63.865435410156266,63.865435410156266,13
266,2012-10-16,59.258013535156266,59.258013535156266,3
267,2012-10-16,49.81269960449218,49.81269960449218,2
268,2012-10-16,50.26973085449218,50.26973085449218,7
269,2012-10-16,65.70088319824218,65.70088319824218,52
270,2012-10-16,126.72364931152342,126.72364931152342,172
271,2012-10-16,387.4722572216798,387.4722572216798,525
272,2012-10-16,615.6774905859378,615.6774905859378,835
273,2012-10-16,310.98380468749997,310.98380468749997,355
274,2012-10-16,222.97726440429688,222.97726440429688,222
275,2012-10-16,235.18624877929688,235.18624877929688,228
276,2012-10-16,266.85094335937504,266.85094335937504,325
277,2012-10-16,272.17027929687504,272.17027929687504,328
278,2012-10-16,266.0761550292969,266.0761550292969,308
279,2012-10-16,273.9194167480469,273.9194167480469,346
280,2012-10-16,463.155227963867,463.155227963867,446
281,2012-10-16,674.6340149609375,674.6340149609375,943
282,2012-10-16,574.3400726318359,574.3400726318359,838
283,2012-10-16,459.56791960937494,459.56791960937494,531
284,2012-10-16,273.6135181298828,273.6135181298828,432
285,2012-10-16,217.30010260253908,217.30010260253908,195
286,2012-10-16,151.47922119140625,151.47922119140625,181
287,2012-10-16,111.42673095703125,111.42673095703125,199
288,2012-10-17,58.23110425292969,58.23110425292969,49
289,2012-10-17,43.29116284667969,43.29116284667969,17
290,2012-10-17,37.08400952636719,37.08400952636719,16
291,2012-10-17,18.799565175781275,18.799565175781275,7
292,2012-10-17,20.488285878906275,20.488285878906275,4
293,2012-10-17,33.061772207031275,33.061772207031275,41
294,2012-10-17,107.13067090332032,107.13067090332032,178
295,2012-10-17,340.6388039453125,340.6388039453125,464
296,2012-10-17,575.1940771484375,575.1940771484375,817
297,2012-10-17,275.2398190917969,275.2398190917969,382
298,2012-10-17,196.70784448242188,196.70784448242188,228
299,2012-10-17,229.42843627929688,229.42843627929688,234
300,2012-10-17,268.19176367187504,268.19176367187504,332
301,2012-10-17,267.7397292480469,267.7397292480469,310
302,2012-10-17,259.63580957031246,259.63580957031246,270
303,2012-10-17,273.6949460449219,273.6949460449219,301
304,2012-10-17,464.2121070703124,464.2121070703124,466
305,2012-10-17,674.038040463867,674.038040463867,888
306,2012-10-17,572.0203274609376,572.0203274609376,884
307,2012-10-17,446.35179138183594,446.35179138183594,516
308,2012-10-17,268.6511688232422,268.6511688232422,414
309,2012-10-17,197.31426275878908,197.31426275878908,329
310,2012-10-17,151.34551275878908,151.34551275878908,215
311,2012-10-17,109.66216314941407,109.66216314941407,99
312,2012-10-18,71.40996588378907,71.40996588378907,57
313,2012-10-18,59.77861822753907,59.77861822753907,14
314,2012-10-18,54.74541510253907,54.74541510253907,14
315,2012-10-18,39.587603378906266,39.587603378906266,5
316,2012-10-18,41.884478378906266,41.884478378906266,5
317,2012-10-18,64.09883384765627,64.09883384765627,42
318,2012-10-18,116.44533042968749,116.44533042968749,153
319,2012-10-18,381.11016246093766,381.11016246093766,508
320,2012-10-18,606.630777163086,606.630777163086,834
321,2012-10-18,296.3551940917969,296.3551940917969,387
322,2012-10-18,208.78649023437504,208.78649023437504,218
323,2012-10-18,240.58661523437496,240.58661523437496,268
324,2012-10-18,290.5893798828125,290.5893798828125,377
325,2012-10-18,294.21046850585935,294.21046850585935,332
326,2012-10-18,271.96022436523435,271.96022436523435,285
327,2012-10-18,275.0942626953125,275.0942626953125,353
328,2012-10-18,483.2080712890622,483.2080712890622,450
329,2012-10-18,671.2604170947266,671.2604170947266,890
330,2012-10-18,576.289529921875,576.289529921875,788
331,2012-10-18,468.654764296875,468.654764296875,513
332,2012-10-18,277.63983460937504,277.63983460937504,387
333,2012-10-18,216.69359637207032,216.69359637207032,283
334,2012-10-18,172.47875262207032,172.47875262207032,229
335,2012-10-18,135.18798113769532,135.18798113769532,117
336,2012-10-19,98.31299134765624,98.31299134765624,56
337,2012-10-19,21.543205747070303,21.543205747070303,16
338,2012-10-19,71.9269948095703,71.9269948095703,10
339,2012-10-19,76.63476869140624,76.63476869140624,5
340,2012-10-19,78.91601869140624,78.91601869140624,6
341,2012-10-19,88.3659596533203,88.3659596533203,36
342,2012-10-19,81.78765154785157,81.78765154785157,131
343,2012-10-19,371.5266071142578,371.5266071142578,154
344,2012-10-19,631.768509213867,631.768509213867,467
345,2012-10-19,299.5844558105469,299.5844558105469,389
346,2012-10-19,213.0601804199219,213.0601804199219,224
347,2012-10-19,244.72316894531252,244.72316894531252,252
348,2012-10-19,297.11778222656255,297.11778222656255,332
349,2012-10-19,284.98195288085935,284.98195288085935,375
350,2012-10-19,284.43888452148434,284.43888452148434,365
351,2012-10-19,288.41661035156255,288.41661035156255,395
352,2012-10-19,415.7232368115235,415.7232368115235,565
353,2012-10-19,633.0591743115235,633.0591743115235,425
354,2012-10-19,584.031717421875,584.031717421875,233
355,2012-10-19,464.1887164892578,464.1887164892578,232
356,2012-10-19,277.452791328125,277.452791328125,229
357,2012-10-19,226.1124725341797,226.1124725341797,206
358,2012-10-19,183.9015350341797,183.9015350341797,190
359,2012-10-19,121.83940924316407,121.83940924316407,131
360,2012-10-22,77.06076416015625,77.06076416015625,31
361,2012-10-22,56.09347900390626,56.09347900390626,11
362,2012-10-22,43.97854077636719,43.97854077636719,5
363,2012-10-22,52.22629150390626,52.22629150390626,6
364,2012-10-22,45.53335034667969,45.53335034667969,7
365,2012-10-22,54.15590894042969,54.15590894042969,46
366,2012-10-22,104.44464574218749,104.44464574218749,144
367,2012-10-22,369.57295801269527,369.57295801269527,452
368,2012-10-22,615.4450687109378,615.4450687109378,728
369,2012-10-22,308.0144851074219,308.0144851074219,360
370,2012-10-22,229.71847534179688,229.71847534179688,212
371,2012-10-22,266.73895898437496,266.73895898437496,211
372,2012-10-22,311.3101804199219,311.3101804199219,283
373,2012-10-22,320.52003881835935,320.52003881835935,315
374,2012-10-22,302.81373999023435,302.81373999023435,282
375,2012-10-22,317.49278222656255,317.49278222656255,296
376,2012-10-22,512.5669868115235,512.5669868115235,524
377,2012-10-22,730.8560493115235,730.8560493115235,922
378,2012-10-22,584.9094196142578,584.9094196142578,786
379,2012-10-22,477.57696808593755,477.57696808593755,514
380,2012-10-22,283.1355438232422,283.1355438232422,403
381,2012-10-22,221.50239763671874,221.50239763671874,174
382,2012-10-22,164.91973150878908,164.91973150878908,183
383,2012-10-22,122.80278814941407,122.80278814941407,163
384,2012-10-23,79.41045416503907,79.41045416503907,37
385,2012-10-23,71.90410650878907,71.90410650878907,17
386,2012-10-23,53.320513535156266,53.320513535156266,7
387,2012-10-23,56.271685410156266,56.271685410156266,1
388,2012-10-23,52.89668397949218,52.89668397949218,7
389,2012-10-23,77.15791587890627,77.15791587890627,50
390,2012-10-23,120.68307861328124,120.68307861328124,158
391,2012-10-23,389.22149058593766,389.22149058593766,531
392,2012-10-23,614.154214663086,614.154214663086,761
393,2012-10-23,307.0602722167969,307.0602722167969,334
394,2012-10-23,239.5131667480469,239.5131667480469,221
395,2012-10-23,279.1587158203125,279.1587158203125,253
396,2012-10-23,308.92140600585935,308.92140600585935,378
397,2012-10-23,307.97618066406255,307.97618066406255,303
398,2012-10-23,307.589546875,307.589546875,296
399,2012-10-23,318.42694921875,318.42694921875,346
400,2012-10-23,527.7749065234376,527.7749065234376,541
401,2012-10-23,748.3569377734376,748.3569377734376,938
402,2012-10-23,643.021996821289,643.021996821289,826
403,2012-10-23,534.617699946289,534.617699946289,482
404,2012-10-23,306.6633475146484,306.6633475146484,379
405,2012-10-23,249.21728822265624,249.21728822265624,295
406,2012-10-23,207.97510072265624,207.97510072265624,194
407,2012-10-23,156.45311785644532,156.45311785644532,111
408,2012-10-24,112.7101979345703,112.7101979345703,46
409,2012-10-24,101.7995534033203,101.7995534033203,27
410,2012-10-24,95.6862721533203,95.6862721533203,6
411,2012-10-24,73.51188659667969,73.51188659667969,4
412,2012-10-24,75.45133972167969,75.45133972167969,6
413,2012-10-24,90.91374206542969,90.91374206542969,53
414,2012-10-24,143.0172291796875,143.0172291796875,173
415,2012-10-24,420.90257263183594,420.90257263183594,526
416,2012-10-24,632.2433899609375,632.2433899609375,801
417,2012-10-24,307.51500585937504,307.51500585937504,373
418,2012-10-24,218.5092604980469,218.5092604980469,171
419,2012-10-24,257.3433835449219,257.3433835449219,236
420,2012-10-24,304.85988256835935,304.85988256835935,316
421,2012-10-24,310.70328881835934,310.70328881835934,306
422,2012-10-24,319.11850366210933,319.11850366210933,301
423,2012-10-24,321.51434936523435,321.51434936523435,308
424,2012-10-24,548.072180258789,548.072180258789,532
425,2012-10-24,735.7523056298826,735.7523056298826,963
426,2012-10-24,659.1523859521483,659.1523859521483,858
427,2012-10-24,531.4033200781249,531.4033200781249,572
428,2012-10-24,311.7243019970703,311.7243019970703,441
429,2012-10-24,260.4247414501953,260.4247414501953,313
430,2012-10-24,214.7984521484375,214.7984521484375,238
431,2012-10-24,158.92238071777345,158.92238071777345,123
432,2012-10-25,132.7886865234375,132.7886865234375,76
433,2012-10-25,115.16456821777345,115.16456821777345,28
434,2012-10-25,92.6716237158203,92.6716237158203,18
435,2012-10-25,64.61032306640624,64.61032306640624,8
436,2012-10-25,67.02829181640624,67.02829181640624,5
437,2012-10-25,84.47116291015624,84.47116291015624,55
438,2012-10-25,143.014314765625,143.014314765625,171
439,2012-10-25,423.50860871093755,423.50860871093755,495
440,2012-10-25,635.3879212109375,635.3879212109375,779
441,2012-10-25,306.55211523437504,306.55211523437504,343
442,2012-10-25,214.8129714355469,214.8129714355469,225
443,2012-10-25,229.1352370605469,229.1352370605469,238
444,2012-10-25,271.61981835937496,271.61981835937496,319
445,2012-10-25,266.81903710937496,266.81903710937496,313
446,2012-10-25,275.6244140625,275.6244140625,285
447,2012-10-25,296.89503881835935,296.89503881835935,305
448,2012-10-25,487.0830712890622,487.0830712890622,499
449,2012-10-25,704.7432275390622,704.7432275390622,886
450,2012-10-25,589.971170546875,589.971170546875,809
451,2012-10-25,475.3820758642578,475.3820758642578,542
452,2012-10-25,268.517244453125,268.517244453125,347
453,2012-10-25,217.65085041015624,217.65085041015624,271
454,2012-10-25,186.20531512207032,186.20531512207032,207
455,2012-10-25,143.67040301269532,143.67040301269532,135
456,2012-10-26,107.1286549658203,107.1286549658203,71
457,2012-10-26,80.13229572265624,80.13229572265624,36
458,2012-10-26,74.05221759765624,74.05221759765624,19
459,2012-10-26,70.07370197265624,70.07370197265624,13
460,2012-10-26,72.05612384765624,72.05612384765624,5
461,2012-10-26,89.39157306640624,89.39157306640624,50
462,2012-10-26,147.879549140625,147.879549140625,144
463,2012-10-26,428.38946808593755,428.38946808593755,421
464,2012-10-26,645.381790463867,645.381790463867,734
465,2012-10-26,312.9750808105469,312.9750808105469,403
466,2012-10-26,215.5727370605469,215.5727370605469,197
467,2012-10-26,241.51044335937496,241.51044335937496,290
468,2012-10-26,284.0386960449219,284.0386960449219,392
469,2012-10-26,281.0679929199219,281.0679929199219,337
470,2012-10-26,276.8421875,276.8421875,351
471,2012-10-26,292.76027319335935,292.76027319335935,448
472,2012-10-26,468.03776084472656,468.03776084472656,582
473,2012-10-26,676.4582008203124,676.4582008203124,817
474,2012-10-26,587.225076796875,587.225076796875,665
475,2012-10-26,469.5441852392578,469.5441852392578,471
476,2012-10-26,281.28472186035157,281.28472186035157,311
477,2012-10-26,233.51635027832032,233.51635027832032,292
478,2012-10-26,183.91891681640624,183.91891681640624,217
479,2012-10-26,151.56857501953124,151.56857501953124,178
480,2012-10-29,-2.895306777343734,-2.895306777343734,22
481,2012-10-30,116.42877807617188,116.42877807617188,116
482,2012-10-30,101.68073120117188,101.68073120117188,126
483,2012-10-30,115.19244995117188,115.19244995117188,124
484,2012-10-30,253.73133728027346,253.73133728027346,98
485,2012-10-30,472.60243103027346,472.60243103027346,124
486,2012-10-30,378.565620727539,378.565620727539,143
487,2012-10-30,449.26976013183594,449.26976013183594,115
488,2012-10-30,197.3922686767578,197.3922686767578,81
489,2012-10-30,148.48574401855467,148.48574401855467,64
490,2012-10-30,119.75802185058593,119.75802185058593,66
491,2012-10-30,76.85775329589843,76.85775329589843,39
492,2012-10-31,25.581080932617184,25.581080932617184,16
493,2012-10-31,10.867702026367184,10.867702026367184,8
494,2012-10-31,2.0235247802734335,2.0235247802734335,7
495,2012-10-31,-0.06784484863281648,-0.06784484863281648,3
496,2012-10-31,-7.5412335205078165,-7.5412335205078165,5
497,2012-10-31,17.921596069335934,17.921596069335934,24
498,2012-10-31,85.51177551269531,85.51177551269531,116
499,2012-10-31,300.833198852539,300.833198852539,337
500,2012-10-31,544.6701930859374,544.6701930859374,621
501,2012-10-31,265.9442800292969,265.9442800292969,297
502,2012-10-31,173.4362392578125,173.4362392578125,168
503,2012-10-31,183.8766689453125,183.8766689453125,189
504,2012-10-31,248.07729492187497,248.07729492187497,241
505,2012-10-31,252.9781003417969,252.9781003417969,213
506,2012-10-31,227.2171140136719,227.2171140136719,224
507,2012-10-31,247.3775144042969,247.3775144042969,230
508,2012-10-31,399.26083119628925,399.26083119628925,424
509,2012-10-31,605.6432958984375,605.6432958984375,723
510,2012-10-31,511.18160156249996,511.18160156249996,584
511,2012-10-31,410.28902343749996,410.28902343749996,410
512,2012-10-31,252.09030517578122,252.09030517578122,268
513,2012-10-31,200.82834228515625,200.82834228515625,192
514,2012-10-31,153.22559056640628,153.22559056640628,165
515,2012-10-31,112.54846654296878,112.54846654296878,101
516,2012-11-01,65.91162572265628,65.91162572265628,60
517,2012-11-01,18.605983276367184,18.605983276367184,30
518,2012-11-01,24.45113131835936,24.45113131835936,20
519,2012-11-01,29.344104038085923,29.344104038085923,15
520,2012-11-01,19.887927280273423,19.887927280273423,10
521,2012-11-01,45.96080325683592,45.96080325683592,40
522,2012-11-01,107.61625979980468,107.61625979980468,148
523,2012-11-01,350.0733742578125,350.0733742578125,420
524,2012-11-01,570.4966984765628,570.4966984765628,680
525,2012-11-01,216.1393642578125,216.1393642578125,331
526,2012-11-01,112.1169033203125,112.1169033203125,146
527,2012-11-01,126.0856533203125,126.0856533203125,170
528,2012-11-01,168.42475073242187,168.42475073242187,221
529,2012-11-01,227.73940429687497,227.73940429687497,248
530,2012-11-01,216.17690429687497,216.17690429687497,185
531,2012-11-01,226.05483398437497,226.05483398437497,214
532,2012-11-01,385.5358740234375,385.5358740234375,344
533,2012-11-01,548.0222021484375,548.0222021484375,689
534,2012-11-01,511.05464843749996,511.05464843749996,678
535,2012-11-01,405.22457031249996,405.22457031249996,452
536,2012-11-01,235.83867871582032,235.83867871582032,296
537,2012-11-01,187.4585212451172,187.4585212451172,267
538,2012-11-01,146.28516087890628,146.28516087890628,202
539,2012-11-01,97.02733157714843,97.02733157714843,120
540,2012-11-02,57.47398685058592,57.47398685058592,50
541,2012-11-02,29.57564303710936,29.57564303710936,24
542,2012-11-02,23.42903659179686,23.42903659179686,10
543,2012-11-02,10.129603881835934,10.129603881835934,3
544,2012-11-02,14.370143432617184,14.370143432617184,7
545,2012-11-02,30.04097506835936,30.04097506835936,26
546,2012-11-02,89.20464660644531,89.20464660644531,122
547,2012-11-02,308.442573852539,308.442573852539,357
548,2012-11-02,558.1916774609374,558.1916774609374,687
549,2012-11-02,279.4852956542969,279.4852956542969,382
550,2012-11-02,197.09662573242187,197.09662573242187,204
551,2012-11-02,224.0396237792969,224.0396237792969,221
552,2012-11-02,258.8296628417969,258.8296628417969,292
553,2012-11-02,245.50209960937497,245.50209960937497,294
554,2012-11-02,219.20668945312497,219.20668945312497,262
555,2012-11-02,231.32729492187497,231.32729492187497,306
556,2012-11-02,391.96946167480473,391.96946167480473,421
557,2012-11-02,608.9401647998047,608.9401647998047,638
558,2012-11-02,501.63155176269527,501.63155176269527,522
559,2012-11-02,396.32881738769527,396.32881738769527,374
560,2012-11-02,228.6699875390625,228.6699875390625,221
561,2012-11-02,178.55920873046878,178.55920873046878,156
562,2012-11-02,150.55640111328128,150.55640111328128,149
563,2012-11-02,94.36204837402343,94.36204837402343,119
564,2012-11-05,19.830348510742184,19.830348510742184,23
565,2012-11-05,7.0041156005859335,7.0041156005859335,8
566,2012-11-05,0.9434466552734335,0.9434466552734335,6
567,2012-11-05,-6.6252178955078165,-6.6252178955078165,4
568,2012-11-05,-2.2912335205078165,-2.2912335205078165,16
569,2012-11-05,11.938441772460934,11.938441772460934,39
570,2012-11-05,75.87566711425781,75.87566711425781,139
571,2012-11-05,386.93446228027346,386.93446228027346,461
572,2012-11-05,523.9715716552735,523.9715716552735,648
573,2012-11-05,236.55719604492188,236.55719604492188,257
574,2012-11-05,157.59010839843748,157.59010839843748,142
575,2012-11-05,183.0683034667969,183.0683034667969,150
576,2012-11-05,218.8698330078125,218.8698330078125,244
577,2012-11-05,219.0631923828125,219.0631923828125,222
578,2012-11-05,216.72577612304687,216.72577612304687,196
579,2012-11-05,225.21186010742187,225.21186010742187,231
580,2012-11-05,362.66662035156276,362.66662035156276,360
581,2012-11-05,487.28372610839847,487.28372610839847,638
582,2012-11-05,469.89114798339847,469.89114798339847,542
583,2012-11-05,356.6405827343749,356.6405827343749,372
584,2012-11-05,214.68852755859373,214.68852755859373,241
585,2012-11-05,155.54507019042967,155.54507019042967,152
586,2012-11-05,109.15363057128906,109.15363057128906,115
587,2012-11-05,61.9109219140625,61.9109219140625,53
588,2012-11-06,18.752964072265627,18.752964072265627,19
589,2012-11-06,-0.12041849609375,-0.12041849609375,8
590,2012-11-06,-5.620693154296875,-5.620693154296875,2
591,2012-11-06,-14.934271928710942,-14.934271928710942,4
592,2012-11-06,-13.39812385742188,-13.39812385742188,7
593,2012-11-06,-9.036963579101567,-9.036963579101567,41
594,2012-11-06,56.49483573730469,56.49483573730469,149
595,2012-11-06,334.8006787109375,334.8006787109375,387
596,2012-11-06,482.02577616699216,482.02577616699216,588
597,2012-11-06,235.98432397460937,235.98432397460937,363
598,2012-11-06,159.16119995117188,159.16119995117188,230
599,2012-11-06,189.36842871093748,189.36842871093748,216
600,2012-11-06,220.05446386718748,220.05446386718748,248
601,2012-11-06,218.3329519042969,218.3329519042969,278
602,2012-11-06,215.5055751953125,215.5055751953125,240
603,2012-11-06,211.4657644042969,211.4657644042969,272
604,2012-11-06,280.11087454589847,280.11087454589847,402
605,2012-11-06,477.6132389843749,477.6132389843749,627
606,2012-11-06,457.0058171093749,457.0058171093749,497
607,2012-11-06,341.547066040039,341.547066040039,371
608,2012-11-06,205.9030108642578,205.9030108642578,228
609,2012-11-06,149.11782409667967,149.11782409667967,151
610,2012-11-06,108.89138366699218,108.89138366699218,153
611,2012-11-06,75.73623229980468,75.73623229980468,205
612,2012-11-07,22.101832885742184,22.101832885742184,283
613,2012-11-07,-2.924982709960947,-2.924982709960947,92
614,2012-11-07,-7.760737104492197,-7.760737104492197,74
615,2012-11-07,-8.473505659179697,-8.473505659179697,11
616,2012-11-07,-6.551630659179697,-6.551630659179697,9
617,2012-11-07,11.332646684570303,11.332646684570303,27
618,2012-11-07,60.608782631835936,60.608782631835936,118
619,2012-11-07,358.4449820947266,358.4449820947266,319
620,2012-11-07,493.4703727197266,493.4703727197266,601
621,2012-11-07,218.76899194335937,218.76899194335937,368
622,2012-11-07,131.54781347656245,131.54781347656245,178
623,2012-11-07,163.83522558593748,163.83522558593748,147
624,2012-11-07,194.61061621093748,194.61061621093748,212
625,2012-11-07,190.76100683593748,190.76100683593748,181
626,2012-11-07,172.39601660156248,172.39601660156248,161
627,2012-11-07,186.46315527343748,186.46315527343748,198
628,2012-11-07,242.3690983593749,242.3690983593749,273
629,2012-11-07,459.4745671093749,459.4745671093749,517
630,2012-11-07,441.8319889843749,441.8319889843749,465
631,2012-11-07,322.928413696289,322.928413696289,319
632,2012-11-07,208.00200412109373,208.00200412109373,256
633,2012-11-07,156.9133505566406,156.9133505566406,126
634,2012-11-07,48.32253601074218,48.32253601074218,60
635,2012-11-07,-9.178278608398447,-9.178278608398447,40
636,2012-11-08,-44.39519755371094,-44.39519755371094,15
637,2012-11-08,-48.41263244628907,-48.41263244628907,12
638,2012-11-08,8.238917846679684,8.238917846679684,6
639,2012-11-08,10.073024291992184,10.073024291992184,10
640,2012-11-08,31.105739135742184,31.105739135742184,35
641,2012-11-08,102.70574523925781,102.70574523925781,124
642,2012-11-08,402.9361182421874,402.9361182421874,423
643,2012-11-08,555.0731341552735,555.0731341552735,668
644,2012-11-08,275.40504980468745,275.40504980468745,275
645,2012-11-08,180.85475683593748,180.85475683593748,161
646,2012-11-08,208.4977626953125,208.4977626953125,171
647,2012-11-08,261.89467773437497,261.89467773437497,235
648,2012-11-08,271.5279238281249,271.5279238281249,228
649,2012-11-08,254.50399804687493,254.50399804687493,182
650,2012-11-08,264.8238222656249,264.8238222656249,233
651,2012-11-08,348.7163978466798,348.7163978466798,339
652,2012-11-08,552.7265234375,552.7265234375,592
653,2012-11-08,530.2421484375,530.2421484375,507
654,2012-11-08,412.24092676269527,412.24092676269527,373
655,2012-11-08,255.78106152832032,255.78106152832032,245
656,2012-11-08,183.39758763671878,183.39758763671878,233
657,2012-11-08,131.61925052246093,131.61925052246093,161
658,2012-11-08,84.59788821777343,84.59788821777343,87
659,2012-11-09,42.77501224121092,42.77501224121092,55
660,2012-11-09,22.84218356445311,22.84218356445311,20
661,2012-11-09,16.99440524414061,16.99440524414061,12
662,2012-11-09,7.700398896484359,7.700398896484359,9
663,2012-11-09,10.143758271484359,10.143758271484359,14
664,2012-11-09,25.101344604492184,25.101344604492184,27
665,2012-11-09,69.23585782714844,69.23585782714844,131
666,2012-11-09,369.1188102197266,369.1188102197266,341
667,2012-11-09,542.5588649609374,542.5588649609374,693
668,2012-11-09,254.6884206542969,254.6884206542969,327
669,2012-11-09,169.1754970703125,169.1754970703125,197
670,2012-11-09,206.54311523437497,206.54311523437497,251
671,2012-11-09,251.31308007812493,251.31308007812493,262
672,2012-11-09,255.01057885742188,255.01057885742188,299
673,2012-11-09,240.36885522460935,240.36885522460935,274
674,2012-11-09,253.60237573242188,253.60237573242188,356
675,2012-11-09,349.37945123535155,349.37945123535155,434
676,2012-11-09,543.1929603466798,543.1929603466798,654
677,2012-11-09,526.2320228466798,526.2320228466798,496
678,2012-11-09,353.95853079589847,353.95853079589847,361
679,2012-11-09,217.9588058984375,217.9588058984375,255
680,2012-11-09,160.25584720214843,160.25584720214843,199
681,2012-11-09,121.40452884277343,121.40452884277343,163
682,2012-11-09,65.07637545898436,65.07637545898436,162
683,2012-11-12,42.78047304199218,42.78047304199218,49
684,2012-11-12,17.21652587890626,17.21652587890626,30
685,2012-11-12,12.00363525390626,12.00363525390626,20
686,2012-11-12,7.7575415039062605,7.7575415039062605,4
687,2012-11-12,11.11886962890626,11.11886962890626,4
688,2012-11-12,18.52895581542969,18.52895581542969,24
689,2012-11-12,74.79668652832032,74.79668652832032,71
690,2012-11-12,414.8893896484375,414.8893896484375,264
691,2012-11-12,559.7100499462892,559.7100499462892,540
692,2012-11-12,253.44393945312493,253.44393945312493,397
693,2012-11-12,172.09610937499997,172.09610937499997,266
694,2012-11-12,200.70055273437504,200.70055273437504,367
695,2012-11-12,243.62763085937496,243.62763085937496,419
696,2012-11-12,253.52297363281252,253.52297363281252,420
697,2012-11-12,229.3961179199219,229.3961179199219,444
698,2012-11-12,235.24970117187496,235.24970117187496,382
699,2012-11-12,358.512186171875,358.512186171875,434
700,2012-11-12,572.758279921875,572.758279921875,596
701,2012-11-12,536.2547024609376,536.2547024609376,551
702,2012-11-12,435.0480914892578,435.0480914892578,353
703,2012-11-12,229.254549140625,229.254549140625,304
704,2012-11-12,131.59984637207032,131.59984637207032,155
705,2012-11-12,148.96725666015624,148.96725666015624,112
706,2012-11-12,102.4194264501953,102.4194264501953,63
707,2012-11-13,73.18356525390624,73.18356525390624,23
708,2012-11-13,-33.343548964843734,-33.343548964843734,5
709,2012-11-13,-61.113703867187475,-61.113703867187475,11
710,2012-11-13,-61.790766855468725,-61.790766855468725,5
711,2012-11-13,-0.7546340429687248,-0.7546340429687248,9
712,2012-11-13,10.815905795898423,10.815905795898423,18
713,2012-11-13,4.255788300781234,4.255788300781234,50
714,2012-11-13,323.3596462109374,323.3596462109374,107
715,2012-11-13,459.7190212109374,459.7190212109374,211
716,2012-11-13,172.87233496093748,172.87233496093748,110
717,2012-11-13,70.51080932617188,70.51080932617188,94
718,2012-11-13,167.23366308593748,167.23366308593748,155
719,2012-11-13,208.5477956542969,208.5477956542969,196
720,2012-11-13,210.9481862792969,210.9481862792969,218
721,2012-11-13,208.60419409179687,208.60419409179687,203
722,2012-11-13,232.58803710937497,232.58803710937497,217
723,2012-11-13,304.77022363769527,304.77022363769527,310
724,2012-11-13,485.31595267089847,485.31595267089847,608
725,2012-11-13,472.51028860839847,472.51028860839847,559
726,2012-11-13,351.4101139843749,351.4101139843749,356
727,2012-11-13,209.9299884033203,209.9299884033203,223
728,2012-11-13,158.76693298339842,158.76693298339842,187
729,2012-11-13,102.126376015625,102.126376015625,135
730,2012-11-13,60.4136074609375,60.4136074609375,84
731,2012-11-14,18.087832314453124,18.087832314453124,24
732,2012-11-14,-7.0966758203125,-7.0966758203125,12
733,2012-11-14,-13.090938515625,-13.090938515625,1
734,2012-11-14,-16.862453408203123,-16.862453408203123,5
735,2012-11-14,-21.652197954101567,-21.652197954101567,6
736,2012-11-14,-3.7288581103515672,-3.7288581103515672,39
737,2012-11-14,63.04455953125,63.04455953125,146
738,2012-11-14,354.71378511718746,354.71378511718746,415
739,2012-11-14,519.3931494921874,519.3931494921874,691
740,2012-11-14,245.85114135742188,245.85114135742188,332
741,2012-11-14,160.51198339843748,160.51198339843748,171
742,2012-11-14,178.32448339843748,178.32448339843748,151
743,2012-11-14,227.0917409667969,227.0917409667969,240
744,2012-11-14,221.0827236328125,221.0827236328125,214
745,2012-11-14,210.5255947265625,210.5255947265625,181
746,2012-11-14,215.7379970703125,215.7379970703125,260
747,2012-11-14,283.17532767089847,283.17532767089847,321
748,2012-11-14,482.6444889843749,482.6444889843749,583
749,2012-11-14,463.9296452343749,463.9296452343749,567
750,2012-11-14,347.981636352539,347.981636352539,396
751,2012-11-14,219.3728594970703,219.3728594970703,267
752,2012-11-14,170.10091735839842,170.10091735839842,213
753,2012-11-14,120.91998799316406,120.91998799316406,173
754,2012-11-14,52.18829732421875,52.18829732421875,87
755,2012-11-15,20.27475248046875,20.27475248046875,34
756,2012-11-15,-0.41879000000000133,-0.41879000000000133,16
757,2012-11-15,-12.839871542968751,-12.839871542968751,7
758,2012-11-15,-12.437710898437501,-12.437710898437501,2
759,2012-11-15,-3.529963178710947,-3.529963178710947,5
760,2012-11-15,18.773707885742184,18.773707885742184,37
761,2012-11-15,73.84148742675781,73.84148742675781,147
762,2012-11-15,386.49891540527346,386.49891540527346,410
763,2012-11-15,524.2977435302735,524.2977435302735,646
764,2012-11-15,248.89040136718748,248.89040136718748,323
765,2012-11-15,151.68581152343748,151.68581152343748,153
766,2012-11-15,176.4472097167969,176.4472097167969,166
767,2012-11-15,214.3053798828125,214.3053798828125,213
768,2012-11-15,222.43744604492187,222.43744604492187,217
769,2012-11-15,204.81561987304687,204.81561987304687,201
770,2012-11-15,213.94428198242187,213.94428198242187,217
771,2012-11-15,277.3311867578125,277.3311867578125,342
772,2012-11-15,493.9972023828125,493.9972023828125,563
773,2012-11-15,477.8194680078125,477.8194680078125,573
774,2012-11-15,360.81790579589847,360.81790579589847,386
775,2012-11-15,230.68608401855468,230.68608401855468,285
776,2012-11-15,160.36568209960936,160.36568209960936,224
777,2012-11-15,117.72993991210936,117.72993991210936,153
778,2012-11-15,78.49178073242186,78.49178073242186,125
779,2012-11-16,38.21101901367186,38.21101901367186,65
780,2012-11-16,18.236354370117184,18.236354370117184,21
781,2012-11-16,5.6480364990234335,5.6480364990234335,9
782,2012-11-16,5.7809710693359335,5.7809710693359335,6
783,2012-11-16,9.666041870117184,9.666041870117184,5
784,2012-11-16,28.028834838867184,28.028834838867184,36
785,2012-11-16,89.67071105957031,89.67071105957031,130
786,2012-11-16,396.79579040527346,396.79579040527346,367
787,2012-11-16,548.2717555859374,548.2717555859374,711
788,2012-11-16,279.8817800292969,279.8817800292969,351
789,2012-11-16,180.0067800292969,180.0067800292969,198
790,2012-11-16,215.85834448242187,215.85834448242187,218
791,2012-11-16,250.80776367187497,250.80776367187497,290
792,2012-11-16,258.3794675292969,258.3794675292969,278
793,2012-11-16,246.8992429199219,246.8992429199219,251
794,2012-11-16,255.6353269042969,255.6353269042969,267
795,2012-11-16,341.8843665966798,341.8843665966798,383
796,2012-11-16,517.8702492578125,517.8702492578125,580
797,2012-11-16,485.38821829589847,485.38821829589847,505
798,2012-11-16,394.2218117578125,394.2218117578125,332
799,2012-11-16,245.4658859765625,245.4658859765625,227
800,2012-11-16,188.52562259277343,188.52562259277343,178
801,2012-11-16,137.0096640332031,137.0096640332031,162
802,2012-11-16,94.69142672851561,94.69142672851561,128
803,2012-11-19,46.125004628906275,46.125004628906275,27
804,2012-11-19,21.217289785156275,21.217289785156275,19
805,2012-11-19,13.509404042968775,13.509404042968775,5
806,2012-11-19,10.680180410156275,10.680180410156275,2
807,2012-11-19,12.674321035156275,12.674321035156275,12
808,2012-11-19,30.503910878906275,30.503910878906275,39
809,2012-11-19,87.52252660156249,87.52252660156249,131
810,2012-11-19,411.22716722656276,411.22716722656276,386
811,2012-11-19,547.4049016015628,547.4049016015628,663
812,2012-11-19,250.4577236328125,250.4577236328125,278
813,2012-11-19,153.2555751953125,153.2555751953125,139
814,2012-11-19,178.26850073242187,178.26850073242187,197
815,2012-11-19,217.52358398437497,217.52358398437497,242
816,2012-11-19,240.50155664062493,240.50155664062493,251
817,2012-11-19,224.93466210937493,224.93466210937493,217
818,2012-11-19,236.35995507812493,236.35995507812493,257
819,2012-11-19,315.3667884716798,315.3667884716798,380
820,2012-11-19,522.7359290966798,522.7359290966798,619
821,2012-11-19,495.43746093749996,495.43746093749996,580
822,2012-11-19,389.64449218749996,389.64449218749996,406
823,2012-11-19,222.94707715332032,222.94707715332032,259
824,2012-11-19,178.3071540576172,178.3071540576172,203
825,2012-11-19,125.24095462402343,125.24095462402343,113
826,2012-11-19,82.52427981933593,82.52427981933593,74
827,2012-11-20,35.74519870117186,35.74519870117186,29
828,2012-11-20,29.369860874023423,29.369860874023423,13
829,2012-11-20,-0.7290444628906414,-0.7290444628906414,5
830,2012-11-20,4.2028686865234235,4.2028686865234235,2
831,2012-11-20,8.732287631835923,8.732287631835923,6
832,2012-11-20,25.888049350585923,25.888049350585923,34
833,2012-11-20,80.67631839355468,80.67631839355468,148
834,2012-11-20,396.7990993359374,396.7990993359374,418
835,2012-11-20,545.4833528173829,545.4833528173829,665
836,2012-11-20,250.7292080078125,250.7292080078125,326
837,2012-11-20,169.56166992187497,169.56166992187497,176
838,2012-11-20,189.1441159667969,189.1441159667969,205
839,2012-11-20,218.4234128417969,218.4234128417969,313
840,2012-11-20,227.75155664062493,227.75155664062493,267
841,2012-11-20,213.90780664062493,213.90780664062493,224
842,2012-11-20,232.68538354492188,232.68538354492188,287
843,2012-11-20,305.0796790966798,305.0796790966798,395
844,2012-11-20,506.16792968749996,506.16792968749996,590
845,2012-11-20,492.26363281249996,492.26363281249996,550
846,2012-11-20,380.83394531249996,380.83394531249996,384
847,2012-11-20,213.65410840332032,213.65410840332032,235
848,2012-11-20,172.24573216796878,172.24573216796878,157
849,2012-11-20,132.53101048828128,132.53101048828128,122
850,2012-11-20,69.57051608398436,69.57051608398436,83
851,2012-11-21,32.33165286621092,32.33165286621092,26
852,2012-11-21,11.540120576171859,11.540120576171859,14
853,2012-11-21,-13.004694624023447,-13.004694624023447,8
854,2012-11-21,-16.998713178710947,-16.998713178710947,2
855,2012-11-21,-14.574885053710947,-14.574885053710947,10
856,2012-11-21,3.766423540039053,3.766423540039053,29
857,2012-11-21,65.46312458984374,65.46312458984374,101
858,2012-11-21,279.65557999511714,279.65557999511714,273
859,2012-11-21,502.3482276171874,502.3482276171874,551
860,2012-11-21,248.79665136718748,248.79665136718748,365
861,2012-11-21,175.3815517578125,175.3815517578125,172
862,2012-11-21,215.13588867187497,215.13588867187497,241
863,2012-11-21,262.7417910156249,262.7417910156249,344
864,2012-11-21,264.3824160156249,264.3824160156249,365
865,2012-11-21,254.09981225585935,254.09981225585935,413
866,2012-11-21,260.8211257324219,260.8211257324219,449
867,2012-11-21,351.81524058593766,351.81524058593766,469
868,2012-11-21,544.6679296875,544.6679296875,374
869,2012-11-21,537.2242103466798,537.2242103466798,311
870,2012-11-21,409.74483301269527,409.74483301269527,243
871,2012-11-21,226.45268558105468,226.45268558105468,136
872,2012-11-21,190.12317357421878,190.12317357421878,105
873,2012-11-21,145.39708255371093,145.39708255371093,88
874,2012-11-21,87.48811862304686,87.48811862304686,57
875,2012-11-22,23.61385104492186,23.61385104492186,46
876,2012-11-22,-1.753840131835947,-1.753840131835947,42
877,2012-11-22,-29.882900185546873,-29.882900185546873,18
878,2012-11-22,-33.94918436523437,-33.94918436523437,6
879,2012-11-22,-43.70590889160157,-43.70590889160157,3
880,2012-11-22,-13.908657021484375,-13.908657021484375,8
881,2012-11-22,54.483416420898436,54.483416420898436,17
882,2012-11-22,244.08888187988282,244.08888187988282,56
883,2012-11-22,474.33487886718746,474.33487886718746,97
884,2012-11-22,235.03180541992188,235.03180541992188,119
885,2012-11-22,161.4450283203125,161.4450283203125,219
886,2012-11-22,207.5513425292969,207.5513425292969,232
887,2012-11-22,245.85800195312493,245.85800195312493,262
888,2012-11-22,250.03011010742188,250.03011010742188,269
889,2012-11-22,240.5541171875,240.5541171875,220
890,2012-11-22,252.33243749999997,252.33243749999997,228
891,2012-11-22,341.81304498535155,341.81304498535155,182
892,2012-11-22,548.3210999609377,548.3210999609377,109
893,2012-11-22,505.54097656249996,505.54097656249996,70
894,2012-11-22,355.4454445703125,355.4454445703125,44
895,2012-11-22,205.13322757324218,205.13322757324218,52
896,2012-11-22,159.90587161621093,159.90587161621093,46
897,2012-11-22,115.95576999023436,115.95576999023436,44
898,2012-11-22,60.89510681152343,60.89510681152343,36
899,2012-11-23,39.42438252441406,39.42438252441406,32
900,2012-11-23,10.701726274414053,10.701726274414053,13
901,2012-11-23,3.1339443749999987,3.1339443749999987,5
902,2012-11-23,4.496432167968749,4.496432167968749,1
903,2012-11-23,-7.464321083984375,-7.464321083984375,4
904,2012-11-23,10.422092490234375,10.422092490234375,10
905,2012-11-23,69.2280312109375,69.2280312109375,20
906,2012-11-23,284.496373984375,284.496373984375,77
907,2012-11-23,491.94230074218746,491.94230074218746,94
908,2012-11-23,243.99507910156245,243.99507910156245,112
909,2012-11-23,175.5009206542969,175.5009206542969,201
910,2012-11-23,220.25991210937497,220.25991210937497,251
911,2012-11-23,269.9966738281249,269.9966738281249,379
912,2012-11-23,271.2742507324219,271.2742507324219,424
913,2012-11-23,266.4367370605469,266.4367370605469,435
914,2012-11-23,269.65177343749997,269.65177343749997,447
915,2012-11-23,361.77299773437494,361.77299773437494,357
916,2012-11-23,580.8452633593749,580.8452633593749,300
917,2012-11-23,550.3950762353516,550.3950762353516,208
918,2012-11-23,442.39116998535155,442.39116998535155,154
919,2012-11-23,285.3420337548828,285.3420337548828,142
920,2012-11-23,229.69854010253908,229.69854010253908,98
921,2012-11-23,193.51924400390627,193.51924400390627,79
922,2012-11-23,139.6230023388672,139.6230023388672,67
923,2012-11-26,13.620095136718746,13.620095136718746,23
924,2012-11-26,-7.76538345336915,-7.76538345336915,10
925,2012-11-26,-13.90613052368165,-13.90613052368165,5
926,2012-11-26,-18.28882095336915,-18.28882095336915,5
927,2012-11-26,-9.812033769531254,-9.812033769531254,10
928,2012-11-26,-2.6897956103515672,-2.6897956103515672,41
929,2012-11-26,66.8472527294922,66.8472527294922,124
930,2012-11-26,291.181920859375,291.181920859375,365
931,2012-11-26,506.98917574218746,506.98917574218746,638
932,2012-11-26,251.80806738281245,251.80806738281245,286
933,2012-11-26,177.27565527343748,177.27565527343748,147
934,2012-11-26,211.87221679687497,211.87221679687497,130
935,2012-11-26,257.7320065917969,257.7320065917969,210
936,2012-11-26,253.9722409667969,253.9722409667969,217
937,2012-11-26,242.8040280761719,242.8040280761719,228
938,2012-11-26,250.4517331542969,250.4517331542969,230
939,2012-11-26,355.24688121093766,355.24688121093766,346
940,2012-11-26,561.2203040966798,561.2203040966798,553
941,2012-11-26,488.8585305078125,488.8585305078125,521
942,2012-11-26,382.26419485839847,382.26419485839847,371
943,2012-11-26,241.15568851074218,241.15568851074218,277
944,2012-11-26,190.19969485839843,190.19969485839843,181
945,2012-11-26,136.17159030273436,136.17159030273436,104
946,2012-11-26,74.18135592773436,74.18135592773436,65
947,2012-11-27,36.46101901367186,36.46101901367186,26
948,2012-11-27,16.78279635742186,16.78279635742186,6
949,2012-11-27,8.053060029296859,8.053060029296859,5
950,2012-11-27,-49.83536770507814,-49.83536770507814,4
951,2012-11-27,-66.51730773925782,-66.51730773925782,5
952,2012-11-27,6.3327899169921835,6.3327899169921835,31
953,2012-11-27,69.05913879394531,69.05913879394531,100
954,2012-11-27,242.839058227539,242.839058227539,293
955,2012-11-27,470.0705837109374,470.0705837109374,500
956,2012-11-27,240.50807714843748,240.50807714843748,268
957,2012-11-27,83.67116308593748,83.67116308593748,57
958,2012-11-27,82.67682495117188,82.67682495117188,65
959,2012-11-27,102.79048925781245,102.79048925781245,76
960,2012-11-27,106.02828222656245,106.02828222656245,77
961,2012-11-27,84.60396582031245,84.60396582031245,94
962,2012-11-27,169.16803588867188,169.16803588867188,155
963,2012-11-27,223.268257446289,223.268257446289,257
964,2012-11-27,436.440132446289,436.440132446289,527
965,2012-11-27,401.72100968261714,401.72100968261714,482
966,2012-11-27,308.49395890136714,308.49395890136714,350
967,2012-11-27,181.65065274902344,181.65065274902344,232
968,2012-11-27,122.607303671875,122.607303671875,185
969,2012-11-27,90.86346822265625,90.86346822265625,97
970,2012-11-27,38.843325478515624,38.843325478515624,67
971,2012-11-28,-1.1475192480468763,-1.1475192480468763,23
972,2012-11-28,-13.498929160156251,-13.498929160156251,12
973,2012-11-28,-19.64553560546875,-19.64553560546875,1
974,2012-11-28,-20.85635103515625,-20.85635103515625,3
975,2012-11-28,-17.49306978515625,-17.49306978515625,4
976,2012-11-28,4.423495156249999,4.423495156249999,39
977,2012-11-28,60.816424233398436,60.816424233398436,136
978,2012-11-28,285.56622452636714,285.56622452636714,409
979,2012-11-28,494.25480074218746,494.25480074218746,692
980,2012-11-28,249.11470800781245,249.11470800781245,322
981,2012-11-28,166.60748901367188,166.60748901367188,161
982,2012-11-28,187.46510839843748,187.46510839843748,146
983,2012-11-28,213.5585378417969,213.5585378417969,208
984,2012-11-28,220.8690847167969,220.8690847167969,214
985,2012-11-28,206.3654384765625,206.3654384765625,176
986,2012-11-28,221.7282314453125,221.7282314453125,179
987,2012-11-28,296.4972023828125,296.4972023828125,325
988,2012-11-28,510.00931204589847,510.00931204589847,563
989,2012-11-28,471.0800358593749,471.0800358593749,542
990,2012-11-28,371.4862858593749,371.4862858593749,387
991,2012-11-28,237.20439669921873,237.20439669921873,263
992,2012-11-28,175.14901306152342,175.14901306152342,223
993,2012-11-28,123.49542744628906,123.49542744628906,154
994,2012-11-28,75.3855312890625,75.3855312890625,78
995,2012-11-29,26.543491416015627,26.543491416015627,29
996,2012-11-29,1.4275597363281203,1.4275597363281203,16
997,2012-11-29,0.8957299023437453,0.8957299023437453,7
998,2012-11-29,-22.083895416259775,-22.083895416259775,7
999,2012-11-29,6.80541732788085,6.80541732788085,42
1000,2012-11-29,71.8970574169922,71.8970574169922,121
1001,2012-11-29,273.43388183593754,273.43388183593754,362
1002,2012-11-29,478.2264599609375,478.2264599609375,679
1003,2012-11-29,245.19735498046873,245.19735498046873,299
1004,2012-11-29,152.65523535156245,152.65523535156245,178
1005,2012-11-29,204.1657314453125,204.1657314453125,163
1006,2012-11-29,235.5016689453125,235.5016689453125,236
1007,2012-11-29,246.82904760742187,246.82904760742187,224
1008,2012-11-29,211.0793056640625,211.0793056640625,187
1009,2012-11-29,218.4088955078125,218.4088955078125,220
1010,2012-11-29,295.1847023828125,295.1847023828125,370
1011,2012-11-29,503.91751517089847,503.91751517089847,561
1012,2012-11-29,470.4315983593749,470.4315983593749,537
1013,2012-11-29,347.709175415039,347.709175415039,344
1014,2012-11-29,219.4478106689453,219.4478106689453,252
1015,2012-11-29,148.6225918359375,148.6225918359375,208
1016,2012-11-29,108.9436367578125,108.9436367578125,151
1017,2012-11-29,84.18280537597656,84.18280537597656,130
1018,2012-11-30,19.59970365234375,19.59970365234375,52
1019,2012-11-30,3.434116416015625,3.434116416015625,19
1020,2012-11-30,1.541599326171875,1.541599326171875,12
1021,2012-11-30,-2.766872353515625,-2.766872353515625,4
1022,2012-11-30,-7.039084550781254,-7.039084550781254,3
1023,2012-11-30,1.0422337341308503,1.0422337341308503,40
1024,2012-11-30,55.768037109374994,55.768037109374994,106
1025,2012-11-30,276.2050928173828,276.2050928173828,352
1026,2012-11-30,476.48280741699216,476.48280741699216,729
1027,2012-11-30,229.77206201171873,229.77206201171873,330
1028,2012-11-30,156.67194213867188,156.67194213867188,169
1029,2012-11-30,187.5448659667969,187.5448659667969,201
1030,2012-11-30,240.23432104492187,240.23432104492187,268
1031,2012-11-30,238.90737304687497,238.90737304687497,262
1032,2012-11-30,225.92543945312497,225.92543945312497,251
1033,2012-11-30,244.3687253417969,244.3687253417969,296
1034,2012-11-30,326.73628906249996,326.73628906249996,405
1035,2012-11-30,509.8878273828125,509.8878273828125,582
1036,2012-11-30,479.47513235839847,479.47513235839847,509
1037,2012-11-30,369.7206608593749,369.7206608593749,377
1038,2012-11-30,230.78508517578123,230.78508517578123,245
1039,2012-11-30,161.51211120605467,161.51211120605467,183
1040,2012-11-30,128.14156677246092,128.14156677246092,163
1041,2012-11-30,69.20083190917968,69.20083190917968,110
1042,2012-12-03,59.42012147949218,59.42012147949218,21
1043,2012-12-03,48.83566650390626,48.83566650390626,13
1044,2012-12-03,51.15107851074218,51.15107851074218,10
1045,2012-12-03,31.02358472167969,31.02358472167969,8
1046,2012-12-03,23.293705800781275,23.293705800781275,5
1047,2012-12-03,31.608142124023423,31.608142124023423,38
1048,2012-12-03,99.98834691406249,99.98834691406249,138
1049,2012-12-03,324.58841360839847,324.58841360839847,396
1050,2012-12-03,559.5396672265628,559.5396672265628,731
1051,2012-12-03,276.58901367187497,276.58901367187497,308
1052,2012-12-03,195.82186914062493,195.82186914062493,136
1053,2012-12-03,221.72501562499997,221.72501562499997,233
1054,2012-12-03,267.09117773437504,267.09117773437504,268
1055,2012-12-03,285.4761960449219,285.4761960449219,321
1056,2012-12-03,284.6263671875,284.6263671875,260
1057,2012-12-03,293.0122314453125,293.0122314453125,268
1058,2012-12-03,427.7596826171874,427.7596826171874,442
1059,2012-12-03,591.6336087109376,591.6336087109376,708
1060,2012-12-03,561.9416351318359,561.9416351318359,692
1061,2012-12-03,456.41819763183594,456.41819763183594,471
1062,2012-12-03,251.0949634423828,251.0949634423828,300
1063,2012-12-03,198.60957603515627,198.60957603515627,221
1064,2012-12-03,153.9416058544922,153.9416058544922,144
1065,2012-12-03,111.04536562011718,111.04536562011718,102
1066,2012-12-04,68.63154726074218,68.63154726074218,55
1067,2012-12-04,57.68184022949218,57.68184022949218,25
1068,2012-12-04,47.78144960449218,47.78144960449218,8
1069,2012-12-04,28.10568603515626,28.10568603515626,4
1070,2012-12-04,30.21115478515626,30.21115478515626,7
1071,2012-12-04,60.461626816406266,60.461626816406266,46
1072,2012-12-04,92.78131566406249,92.78131566406249,153
1073,2012-12-04,380.8785072216798,380.8785072216798,502
1074,2012-12-04,592.8063968359378,592.8063968359378,721
1075,2012-12-04,299.1277663574219,299.1277663574219,336
1076,2012-12-04,201.09065698242188,201.09065698242188,156
1077,2012-12-04,225.34122656249997,225.34122656249997,207
1078,2012-12-04,271.55016210937504,271.55016210937504,312
1079,2012-12-04,265.7719558105469,265.7719558105469,272
1080,2012-12-04,264.0064694824219,264.0064694824219,270
1081,2012-12-04,287.5796142578125,287.5796142578125,300
1082,2012-12-04,414.9174485888673,414.9174485888673,435
1083,2012-12-04,598.6043118359376,598.6043118359376,743
1084,2012-12-04,569.1701507568359,569.1701507568359,731
1085,2012-12-04,451.50541960937494,451.50541960937494,460
1086,2012-12-04,274.4587860107422,274.4587860107422,306
1087,2012-12-04,223.5548553466797,223.5548553466797,280
1088,2012-12-04,183.7872772216797,183.7872772216797,181
1089,2012-12-04,142.44551287109374,142.44551287109374,96
1090,2012-12-05,109.30339050292969,109.30339050292969,37
1091,2012-12-05,102.32907306640624,102.32907306640624,11
1092,2012-12-05,71.41436041503907,71.41436041503907,9
1093,2012-12-05,72.88960466796875,72.88960466796875,7
1094,2012-12-05,83.09977722167969,83.09977722167969,10
1095,2012-12-05,102.89225769042969,102.89225769042969,49
1096,2012-12-05,91.81215105468749,91.81215105468749,124
1097,2012-12-05,350.82671686035155,350.82671686035155,398
1098,2012-12-05,609.2360843359378,609.2360843359378,759
1099,2012-12-05,300.8404238281249,300.8404238281249,388
1100,2012-12-05,205.22714257812493,205.22714257812493,141
1101,2012-12-05,233.17147851562493,233.17147851562493,172
1102,2012-12-05,265.3863222656249,265.3863222656249,232
1103,2012-12-05,266.8982741699219,266.8982741699219,214
1104,2012-12-05,259.65079687499997,259.65079687499997,218
1105,2012-12-05,272.57950781249997,272.57950781249997,285
1106,2012-12-05,364.06695123535155,364.06695123535155,377
1107,2012-12-05,569.9617249609377,569.9617249609377,605
1108,2012-12-05,539.5874915966798,539.5874915966798,609
1109,2012-12-05,407.76436426269527,407.76436426269527,414
1110,2012-12-05,235.12089847167968,235.12089847167968,293
1111,2012-12-05,182.92283938964843,182.92283938964843,198
1112,2012-12-05,137.20039889648436,137.20039889648436,105
1113,2012-12-05,84.79696228027343,84.79696228027343,74
1114,2012-12-06,35.288027626953124,35.288027626953124,44
1115,2012-12-06,20.217226845703124,20.217226845703124,16
1116,2012-12-06,3.857303671875,3.857303671875,9
1117,2012-12-06,-4.924658891601567,-4.924658891601567,2
1118,2012-12-06,-6.517447587890629,-6.517447587890629,9
1119,2012-12-06,11.69495475585937,11.69495475585937,32
1120,2012-12-06,70.0363396435547,70.0363396435547,124
1121,2012-12-06,278.9599756298828,278.9599756298828,389
1122,2012-12-06,499.18983866699216,499.18983866699216,659
1123,2012-12-06,246.05477685546873,246.05477685546873,276
1124,2012-12-06,146.45760888671873,146.45760888671873,145
1125,2012-12-06,173.41205834960937,173.41205834960937,178
1126,2012-12-06,221.75289160156245,221.75289160156245,235
1127,2012-12-06,226.12799682617188,226.12799682617188,245
1128,2012-12-06,205.49469604492188,205.49469604492188,212
1129,2012-12-06,228.70143652343748,228.70143652343748,270
1130,2012-12-06,290.4901921093749,290.4901921093749,331
1131,2012-12-06,489.996773071289,489.996773071289,617
1132,2012-12-06,456.1482412890625,456.1482412890625,565
1133,2012-12-06,328.26934952636714,328.26934952636714,373
1134,2012-12-06,193.925174765625,193.925174765625,227
1135,2012-12-06,141.31110005859375,141.31110005859375,191
1136,2012-12-06,106.93524556640625,106.93524556640625,133
1137,2012-12-06,64.07989888671875,64.07989888671875,93
1138,2012-12-07,23.790073447265627,23.790073447265627,48
1139,2012-12-07,-5.020168251953125,-5.020168251953125,28
1140,2012-12-07,-1.4379550390625013,-1.4379550390625013,11
1141,2012-12-07,-15.427151816406251,-15.427151816406251,5
1142,2012-12-07,3.6393154687499987,3.6393154687499987,10
1143,2012-12-07,7.788241249999999,7.788241249999999,26
1144,2012-12-07,74.56786091796874,74.56786091796874,84
1145,2012-12-07,237.08574128906253,237.08574128906253,215
1146,2012-12-07,526.7059466552735,526.7059466552735,441
1147,2012-12-07,241.12311401367188,241.12311401367188,301
1148,2012-12-07,153.06667089843748,153.06667089843748,166
1149,2012-12-07,168.18190527343748,168.18190527343748,203
1150,2012-12-07,208.3212331542969,208.3212331542969,240
1151,2012-12-07,215.4694423828125,215.4694423828125,220
1152,2012-12-07,195.7819423828125,195.7819423828125,215
1153,2012-12-07,207.3678798828125,207.3678798828125,303
1154,2012-12-07,285.3077492578125,285.3077492578125,375
1155,2012-12-07,517.1628017626953,517.1628017626953,568
1156,2012-12-07,493.99483301269527,493.99483301269527,498
1157,2012-12-07,387.50459863769527,387.50459863769527,352
1158,2012-12-07,175.41680371582032,175.41680371582032,241
1159,2012-12-07,162.13269505859378,162.13269505859378,171
1160,2012-12-07,122.51172337890628,122.51172337890628,165
1161,2012-12-07,79.66223607421878,79.66223607421878,122
1162,2012-12-10,-29.413569589843725,-29.413569589843725,20
1163,2012-12-10,14.622807363281275,14.622807363281275,4
1164,2012-12-10,16.42092358886719,16.42092358886719,5
1165,2012-12-10,12.19448315917969,12.19448315917969,4
1166,2012-12-10,14.17885815917969,14.17885815917969,12
1167,2012-12-10,31.99868237792969,31.99868237792969,27
1168,2012-12-10,89.62774121582032,89.62774121582032,123
1169,2012-12-10,337.56123926269527,337.56123926269527,294
1170,2012-12-10,566.9873936962892,566.9873936962892,584
1171,2012-12-10,258.0308347167969,258.0308347167969,284
1172,2012-12-10,170.02401757812493,170.02401757812493,133
1173,2012-12-10,133.00764916992188,133.00764916992188,134
1174,2012-12-10,158.49374414062493,158.49374414062493,173
1175,2012-12-10,152.88241601562493,152.88241601562493,220
1176,2012-12-10,211.82296752929688,211.82296752929688,210
1177,2012-12-10,228.69699096679688,228.69699096679688,236
1178,2012-12-10,335.41819763183594,335.41819763183594,345
1179,2012-12-10,544.6421383593749,544.6421383593749,616
1180,2012-12-10,513.7114824853516,513.7114824853516,564
1181,2012-12-10,453.19806183593755,453.19806183593755,427
1182,2012-12-10,246.6994556298828,246.6994556298828,300
1183,2012-12-10,182.86406744628908,182.86406744628908,245
1184,2012-12-10,160.5123748779297,160.5123748779297,126
1185,2012-12-10,112.60161627441407,112.60161627441407,84
1186,2012-12-11,12.00811041503907,12.00811041503907,31
1187,2012-12-11,54.89473085449218,54.89473085449218,8
1188,2012-12-11,37.78342041015626,37.78342041015626,1
1189,2012-12-11,-43.736079355468725,-43.736079355468725,3
1190,2012-12-11,8.498034702148423,8.498034702148423,8
1191,2012-12-11,-28.819714321289077,-28.819714321289077,41
1192,2012-12-11,86.50859378417968,86.50859378417968,118
1193,2012-12-11,333.70462454589847,333.70462454589847,380
1194,2012-12-11,548.5048371923829,548.5048371923829,724
1195,2012-12-11,263.9911550292969,263.9911550292969,334
1196,2012-12-11,177.1735439453125,177.1735439453125,154
1197,2012-12-11,183.0104580078125,183.0104580078125,173
1198,2012-12-11,214.2487392578125,214.2487392578125,226
1199,2012-12-11,224.53900854492187,224.53900854492187,254
1200,2012-12-11,208.70868627929687,208.70868627929687,204
1201,2012-12-11,220.22064916992187,220.22064916992187,270
1202,2012-12-11,298.28584863769527,298.28584863769527,358
1203,2012-12-11,484.9140202343749,484.9140202343749,601
1204,2012-12-11,467.5624577343749,467.5624577343749,546
1205,2012-12-11,361.9198796093749,361.9198796093749,433
1206,2012-12-11,225.57866427734373,225.57866427734373,257
1207,2012-12-11,176.70003268554686,176.70003268554686,207
1208,2012-12-11,126.76540710449218,126.76540710449218,106
1209,2012-12-11,86.40224792480468,86.40224792480468,64
1210,2012-12-12,45.46065856933593,45.46065856933593,34
1211,2012-12-12,16.271306352539053,16.271306352539053,21
1212,2012-12-12,14.700871782226553,14.700871782226553,9
1213,2012-12-12,4.196444374999999,4.196444374999999,10
1214,2012-12-12,12.244967324218749,12.244967324218749,4
1215,2012-12-12,21.48202787109375,21.48202787109375,37
1216,2012-12-12,67.65956388183594,67.65956388183594,128
1217,2012-12-12,288.25567765136714,288.25567765136714,369
1218,2012-12-12,505.0817008447266,505.0817008447266,688
1219,2012-12-12,241.30904394531245,241.30904394531245,285
1220,2012-12-12,152.96393432617188,152.96393432617188,136
1221,2012-12-12,174.90163183593748,174.90163183593748,172
1222,2012-12-12,227.6513112792969,227.6513112792969,232
1223,2012-12-12,222.3290456542969,222.3290456542969,238
1224,2012-12-12,204.47009790039064,204.47009790039064,225
1225,2012-12-12,212.7870534667969,212.7870534667969,228
1226,2012-12-12,276.95657767089847,276.95657767089847,329
1227,2012-12-12,475.4569889843749,475.4569889843749,561
1228,2012-12-12,460.7519108593749,460.7519108593749,540
1229,2012-12-12,340.539253540039,340.539253540039,402
1230,2012-12-12,220.8331866455078,220.8331866455078,268
1231,2012-12-12,160.52260925292967,160.52260925292967,202
1232,2012-12-12,121.04421569824218,121.04421569824218,122
1233,2012-12-12,70.08441670410156,70.08441670410156,79
1234,2012-12-13,33.38898213378906,33.38898213378906,32
1235,2012-12-13,16.203252153320303,16.203252153320303,23
1236,2012-12-13,2.0286282128906237,2.0286282128906237,8
1237,2012-12-13,-2.5552340917968763,-2.5552340917968763,2
1238,2012-12-13,1.9942349023437487,1.9942349023437487,8
1239,2012-12-13,20.20468412109375,20.20468412109375,33
1240,2012-12-13,86.35097013183594,86.35097013183594,114
1241,2012-12-13,289.766393515625,289.766393515625,385
1242,2012-12-13,510.39347261718746,510.39347261718746,679
1243,2012-12-13,259.53560644531245,259.53560644531245,325
1244,2012-12-13,178.57545996093748,178.57545996093748,167
1245,2012-12-13,200.1532644042969,200.1532644042969,189
1246,2012-12-13,241.1676845703125,241.1676845703125,282
1247,2012-12-13,241.2985439453125,241.2985439453125,271
1248,2012-12-13,225.5871181640625,225.5871181640625,242
1249,2012-12-13,237.1432705078125,237.1432705078125,280
1250,2012-12-13,297.32767142089847,297.32767142089847,406
1251,2012-12-13,502.2851139843749,502.2851139843749,550
1252,2012-12-13,484.9179264843749,484.9179264843749,466
1253,2012-12-13,363.868355102539,363.868355102539,348
1254,2012-12-13,235.8020587158203,235.8020587158203,241
1255,2012-12-13,177.43256123535156,177.43256123535156,213
1256,2012-12-13,121.9768398828125,121.9768398828125,148
1257,2012-12-13,81.55221830078125,81.55221830078125,120
1258,2012-12-14,25.53205192382812,25.53205192382812,47
1259,2012-12-14,7.267891767578121,7.267891767578121,26
1260,2012-12-14,3.5427025585937453,3.5427025585937453,9
1261,2012-12-14,-11.712313385009775,-11.712313385009775,12
1262,2012-12-14,-13.513094635009775,-13.513094635009775,10
1263,2012-12-14,7.834073333740225,7.834073333740225,34
1264,2012-12-14,45.0955320703125,45.0955320703125,113
1265,2012-12-14,264.23466308593754,264.23466308593754,308
1266,2012-12-14,486.7596630859375,486.7596630859375,636
1267,2012-12-14,234.06307763671873,234.06307763671873,343
1268,2012-12-14,139.42182397460937,139.42182397460937,190
1269,2012-12-14,182.15944433593748,182.15944433593748,211
1270,2012-12-14,239.1491298828125,239.1491298828125,273
1271,2012-12-14,233.1852626953125,233.1852626953125,313
1272,2012-12-14,236.14516601562497,236.14516601562497,299
1273,2012-12-14,245.27163085937497,245.27163085937497,309
1274,2012-12-14,313.05537988769527,313.05537988769527,417
1275,2012-12-14,502.21829642089847,502.21829642089847,622
1276,2012-12-14,502.1827492578125,502.1827492578125,455
1277,2012-12-14,384.82571829589847,384.82571829589847,319
1278,2012-12-14,230.65312716796873,230.65312716796873,221
1279,2012-12-14,163.04696228027342,163.04696228027342,172
1280,2012-12-14,117.28546650878906,117.28546650878906,138
1281,2012-12-14,76.26386006347656,76.26386006347656,134
1282,2012-12-17,41.02895581542969,41.02895581542969,28
1283,2012-12-17,25.11245190917969,25.11245190917969,15
1284,2012-12-17,15.08693921386719,15.08693921386719,5
1285,2012-12-17,5.823979238281275,5.823979238281275,3
1286,2012-12-17,-52.678950449218725,-52.678950449218725,5
1287,2012-12-17,36.05922925292969,36.05922925292969,24
1288,2012-12-17,79.54864964843749,79.54864964843749,108
1289,2012-12-17,322.6729836328125,322.6729836328125,319
1290,2012-12-17,557.3307897998047,557.3307897998047,592
1291,2012-12-17,263.09682617187497,263.09682617187497,282
1292,2012-12-17,159.53412573242187,159.53412573242187,135
1293,2012-12-17,179.18959960937497,179.18959960937497,170
1294,2012-12-17,214.71108398437497,214.71108398437497,232
1295,2012-12-17,207.47084960937497,207.47084960937497,210
1296,2012-12-17,192.27944335937497,192.27944335937497,181
1297,2012-12-17,209.7144284667969,209.7144284667969,211
1298,2012-12-17,223.50777343749996,223.50777343749996,302
1299,2012-12-17,496.92964843749996,496.92964843749996,495
1300,2012-12-17,481.94527343749996,481.94527343749996,507
1301,2012-12-17,389.9234290966798,389.9234290966798,340
1302,2012-12-17,221.86915712402342,221.86915712402342,200
1303,2012-12-17,172.3585980419922,172.3585980419922,120
1304,2012-12-17,132.2941449169922,132.2941449169922,54
1305,2012-12-17,32.17817812011718,32.17817812011718,47
1306,2012-12-18,56.423540878906266,56.423540878906266,18
1307,2012-12-18,41.667193222656266,41.667193222656266,15
1308,2012-12-18,39.356646347656266,39.356646347656266,7
1309,2012-12-18,39.94746522949218,39.94746522949218,5
1310,2012-12-18,46.11348085449218,46.11348085449218,8
1311,2012-12-18,50.10659253417969,50.10659253417969,36
1312,2012-12-18,94.38654027343749,94.38654027343749,118
1313,2012-12-18,337.6632180078125,337.6632180078125,355
1314,2012-12-18,567.7370397998047,567.7370397998047,662
1315,2012-12-18,277.10756835937497,277.10756835937497,326
1316,2012-12-18,196.89901757812493,196.89901757812493,184
1317,2012-12-18,230.74357031249997,230.74357031249997,269
1318,2012-12-18,209.53067968749997,209.53067968749997,313
1319,2012-12-18,279.5885925292969,279.5885925292969,286
1320,2012-12-18,253.51924584960935,253.51924584960935,247
1321,2012-12-18,265.6062819824219,265.6062819824219,246
1322,2012-12-18,352.23320933593766,352.23320933593766,363
1323,2012-12-18,544.0507421875,544.0507421875,572
1324,2012-12-18,516.3092861376953,516.3092861376953,525
1325,2012-12-18,409.90108301269527,409.90108301269527,353
1326,2012-12-18,242.3408859765625,242.3408859765625,268
1327,2012-12-18,193.60388646484378,193.60388646484378,168
1328,2012-12-18,150.33629153808593,150.33629153808593,132
1329,2012-12-18,108.90074466308593,108.90074466308593,81
1330,2012-12-19,46.37893249511718,46.37893249511718,41
1331,2012-12-19,28.124537963867184,28.124537963867184,15
1332,2012-12-19,15.987248735351553,15.987248735351553,3
1333,2012-12-19,-3.4168368750000013,-3.4168368750000013,5
1334,2012-12-19,-9.59453958984375,-9.59453958984375,7
1335,2012-12-19,19.1301601953125,19.1301601953125,31
1336,2012-12-19,69.589725546875,69.589725546875,112
1337,2012-12-19,293.87823624511714,293.87823624511714,363
1338,2012-12-19,493.12394136718746,493.12394136718746,678
1339,2012-12-19,244.26509863281245,244.26509863281245,317
1340,2012-12-19,164.96706152343748,164.96706152343748,164
1341,2012-12-19,213.40737304687497,213.40737304687497,200
1342,2012-12-19,247.20815429687497,247.20815429687497,236
1343,2012-12-19,250.1870847167969,250.1870847167969,213
1344,2012-12-19,234.3938718261719,234.3938718261719,218
1345,2012-12-19,245.1704831542969,245.1704831542969,237
1346,2012-12-19,331.7417884716798,331.7417884716798,334
1347,2012-12-19,538.0800390625,538.0800390625,562
1348,2012-12-19,510.05928613769527,510.05928613769527,569
1349,2012-12-19,403.59834863769527,403.59834863769527,336
1350,2012-12-19,237.5877121484375,237.5877121484375,241
1351,2012-12-19,176.04967044433593,176.04967044433593,168
1352,2012-12-19,142.10618899902343,142.10618899902343,129
1353,2012-12-19,89.41280124023436,89.41280124023436,88
1354,2012-12-20,53.29549166992186,53.29549166992186,42
1355,2012-12-20,39.05977389648436,39.05977389648436,20
1356,2012-12-20,33.12019870117186,33.12019870117186,8
1357,2012-12-20,6.9663348388671835,6.9663348388671835,4
1358,2012-12-20,9.056178588867184,9.056178588867184,6
1359,2012-12-20,26.813502807617184,26.813502807617184,35
1360,2012-12-20,92.43633605957031,92.43633605957031,118
1361,2012-12-20,319.659859008789,319.659859008789,350
1362,2012-12-20,535.1864154052735,535.1864154052735,599
1363,2012-12-20,251.66364135742188,251.66364135742188,317
1364,2012-12-20,161.71706152343748,161.71706152343748,161
1365,2012-12-20,180.5448659667969,180.5448659667969,190
1366,2012-12-20,226.7760830078125,226.7760830078125,212
1367,2012-12-20,218.1862392578125,218.1862392578125,217
1368,2012-12-20,205.2130947265625,205.2130947265625,214
1369,2012-12-20,208.0126394042969,208.0126394042969,249
1370,2012-12-20,268.09524954589847,268.09524954589847,302
1371,2012-12-20,485.26517142089847,485.26517142089847,475
1372,2012-12-20,464.54251517089847,464.54251517089847,381
1373,2012-12-20,298.51028860839847,298.51028860839847,118
1374,2012-12-20,157.73881839355468,157.73881839355468,50
1375,2012-12-20,106.69505618652343,106.69505618652343,26
1376,2012-12-20,58.58970950683592,58.58970950683592,21
1377,2012-12-20,40.54538330078126,40.54538330078126,13
1378,2012-12-21,-6.8380081591796795,-6.8380081591796795,17
1379,2012-12-21,-19.92204041992187,-19.92204041992187,9
1380,2012-12-21,-27.310634946289063,-27.310634946289063,3
1381,2012-12-21,-32.17977557128906,-32.17977557128906,3
1382,2012-12-21,11.212019765625005,11.212019765625005,6
1383,2012-12-21,22.390104160156245,22.390104160156245,13
1384,2012-12-21,86.60685525878905,86.60685525878905,80
1385,2012-12-21,263.670371796875,263.670371796875,208
1386,2012-12-21,475.8215641796874,475.8215641796874,472
1387,2012-12-21,242.4279501953125,242.4279501953125,267
1388,2012-12-21,161.2101767578125,161.2101767578125,154
1389,2012-12-21,166.0373251953125,166.0373251953125,162
1390,2012-12-21,204.0475791015625,204.0475791015625,224
1391,2012-12-21,196.0822470703125,196.0822470703125,240
1392,2012-12-21,178.92441015625002,178.92441015625002,219
1393,2012-12-21,185.75989379882813,185.75989379882813,263
1394,2012-12-21,183.3184222412109,183.3184222412109,281
1395,2012-12-21,365.0335729150391,365.0335729150391,321
1396,2012-12-21,349.2640416650391,349.2640416650391,243
1397,2012-12-21,275.06988582031244,275.06988582031244,153
1398,2012-12-21,230.38113142578126,230.38113142578126,112
1399,2012-12-21,164.0462649926758,164.0462649926758,70
1400,2012-12-21,126.88427768798827,126.88427768798827,63
1401,2012-12-21,87.21354709716796,87.21354709716796,40
1402,2012-12-24,31.758531774597166,31.758531774597166,12
1403,2012-12-24,16.539293493347166,16.539293493347166,11
1404,2012-12-24,2.93721664428711,2.93721664428711,5
1405,2012-12-24,-1.6933985900878898,-1.6933985900878898,3
1406,2012-12-24,-0.10940426757812816,-0.10940426757812816,9
1407,2012-12-24,76.33660400390625,76.33660400390625,17
1408,2012-12-24,203.39325683593756,203.39325683593756,30
1409,2012-12-24,429.94924564941414,429.94924564941414,66
1410,2012-12-24,219.07286767578125,219.07286767578125,85
1411,2012-12-24,135.1544655761719,135.1544655761719,103
1412,2012-12-24,139.9493874511719,139.9493874511719,124
1413,2012-12-24,188.26081396484372,188.26081396484372,135
1414,2012-12-24,97.81798486328125,97.81798486328125,70
1415,2012-12-24,78.04503564453125,78.04503564453125,46
1416,2012-12-24,80.78282861328125,80.78282861328125,33
1417,2012-12-24,57.648005820312505,57.648005820312505,33
1418,2012-12-24,276.5535233984375,276.5535233984375,26
1419,2012-12-24,264.7573808203125,264.7573808203125,26
1420,2012-12-24,211.3953202734375,211.3953202734375,18
1421,2012-12-24,116.43082271484374,116.43082271484374,23
1422,2012-12-24,69.25005374816895,69.25005374816895,22
1423,2012-12-24,93.13035999206544,93.13035999206544,12
1424,2012-12-24,-5.7807728204345645,-5.7807728204345645,11
1425,2012-12-25,-71.83319820495605,-71.83319820495605,13
1426,2012-12-25,-28.554015769042977,-28.554015769042977,13
1427,2012-12-25,-34.70452846435548,-34.70452846435548,7
1428,2012-12-25,-35.11786617370605,-35.11786617370605,1
1429,2012-12-25,-28.89852312652588,-28.89852312652588,3
1430,2012-12-25,29.895667280273443,29.895667280273443,7
1431,2012-12-25,156.26332792480474,156.26332792480474,6
1432,2012-12-25,403.56841988281246,403.56841988281246,11
1433,2012-12-25,194.22667626953125,194.22667626953125,28
1434,2012-12-25,124.40388037109372,124.40388037109372,32
1435,2012-12-25,140.83118286132813,140.83118286132813,86
1436,2012-12-25,179.3649619140625,179.3649619140625,114
1437,2012-12-25,196.83388671875,196.83388671875,121
1438,2012-12-25,181.1091257324219,181.1091257324219,126
1439,2012-12-25,183.27386132812498,183.27386132812498,107
1440,2012-12-25,184.8303234765625,184.8303234765625,86
1441,2012-12-25,377.307090546875,377.307090546875,50
1442,2012-12-25,354.150840546875,354.150840546875,43
1443,2012-12-25,250.27193429687497,250.27193429687497,36
1444,2012-12-25,180.8787536328125,180.8787536328125,40
1445,2012-12-25,131.80545532226563,131.80545532226563,34
1446,2012-12-25,92.48764526367188,92.48764526367188,19
1447,2012-12-25,42.24477888671874,42.24477888671874,30
1448,2012-12-26,18.349637285156245,18.349637285156245,9
1449,2012-12-26,-7.348144187011726,-7.348144187011726,7
1450,2012-12-26,-13.393188132324227,-13.393188132324227,1
1451,2012-12-26,-27.76974453063964,-27.76974453063964,2
1452,2012-12-26,-18.826911722106935,-18.826911722106935,2
1453,2012-12-26,-4.531839166564941,-4.531839166564941,11
1454,2012-12-26,57.31705399902344,57.31705399902344,36
1455,2012-12-26,97.43720214843756,97.43720214843756,26
1456,2012-12-26,318.77323730468754,318.77323730468754,31
1457,2012-12-26,123.39822998046876,123.39822998046876,23
1458,2012-12-26,28.074011230468756,28.074011230468756,8
1459,2012-12-26,31.753698730468756,31.753698730468756,10
1460,2012-12-26,79.89108129882811,79.89108129882811,10
1461,2012-12-26,74.35397192382811,74.35397192382811,15
1462,2012-12-26,60.53420874023438,60.53420874023438,20
1463,2012-12-26,79.2599343261719,79.2599343261719,13
1464,2012-12-26,60.39197135253909,60.39197135253909,13
1465,2012-12-26,273.8568151025391,273.8568151025391,53
1466,2012-12-26,273.33551082031244,273.33551082031244,43
1467,2012-12-26,190.8526019287109,190.8526019287109,35
1468,2012-12-26,127.8938903515625,127.8938903515625,32
1469,2012-12-26,128.81345092773438,128.81345092773438,20
1470,2012-12-26,5.597587927856451,5.597587927856451,11
1471,2012-12-26,-19.503783835449227,-19.503783835449227,10
1472,2012-12-27,-58.79296840576173,-58.79296840576173,3
1473,2012-12-27,-91.41461910339355,-91.41461910339355,5
1474,2012-12-27,-37.50763668151855,-37.50763668151855,2
1475,2012-12-27,-24.847053185424798,-24.847053185424798,1
1476,2012-12-27,-30.83712734313964,-30.83712734313964,3
1477,2012-12-27,18.15768466857911,18.15768466857911,11
1478,2012-12-27,55.2247069921875,55.2247069921875,45
1479,2012-12-27,208.3862870703125,208.3862870703125,90
1480,2012-12-27,432.995460366211,432.995460366211,208
1481,2012-12-27,214.8453835449219,214.8453835449219,133
1482,2012-12-27,123.58845068359372,123.58845068359372,75
1483,2012-12-27,133.80036474609372,133.80036474609372,103
1484,2012-12-27,188.68469848632813,188.68469848632813,109
1485,2012-12-27,182.89368286132813,182.89368286132813,118
1486,2012-12-27,135.0441140136719,135.0441140136719,119
1487,2012-12-27,150.2364968261719,150.2364968261719,120
1488,2012-12-27,148.4896276025391,148.4896276025391,174
1489,2012-12-27,365.8372838525391,365.8372838525391,257
1490,2012-12-27,334.5249589453125,334.5249589453125,197
1491,2012-12-27,233.5310624609375,233.5310624609375,117
1492,2012-12-27,208.35562740234374,208.35562740234374,91
1493,2012-12-27,139.9783862677002,139.9783862677002,63
1494,2012-12-27,95.53543125061036,95.53543125061036,44
1495,2012-12-27,56.9903491583252,56.9903491583252,26
1496,2012-12-28,25.01559482482911,25.01559482482911,25
1497,2012-12-28,15.418083533325202,15.418083533325202,9
1498,2012-12-28,6.156120642700201,6.156120642700201,5
1499,2012-12-28,-0.23684658142089265,-0.23684658142089265,2
1500,2012-12-28,8.495415076293952,8.495415076293952,4
1501,2012-12-28,27.727348670043952,27.727348670043952,15
1502,2012-12-28,72.52262040527344,72.52262040527344,51
1503,2012-12-28,210.89516386230474,210.89516386230474,112
1504,2012-12-28,434.93170113281246,434.93170113281246,239
1505,2012-12-28,213.08995751953125,213.08995751953125,191
1506,2012-12-28,128.9464577636719,128.9464577636719,162
1507,2012-12-28,155.68024755859372,155.68024755859372,178
1508,2012-12-28,204.93421020507813,204.93421020507813,222
1509,2012-12-28,199.23645629882813,199.23645629882813,222
1510,2012-12-28,183.45337524414063,183.45337524414063,261
1511,2012-12-28,205.53528442382813,205.53528442382813,225
1512,2012-12-28,200.4517230224609,200.4517230224609,250
1513,2012-12-28,375.8250077734375,375.8250077734375,271
1514,2012-12-28,358.5740312109375,358.5740312109375,213
1515,2012-12-28,232.0259355078125,232.0259355078125,128
1516,2012-12-28,206.784643515625,206.784643515625,97
1517,2012-12-28,146.9147647467041,146.9147647467041,92
1518,2012-12-28,113.24883304504395,113.24883304504395,62
1519,2012-12-28,73.73711429504395,73.73711429504395,59
1520,2012-12-31,23.835542021484372,23.835542021484372,34
1521,2012-12-31,8.670991240234372,8.670991240234372,19
1522,2012-12-31,-1.551869907226564,-1.551869907226564,11
1523,2012-12-31,1.252390346679686,1.252390346679686,1
1524,2012-12-31,-6.865365712890625,-6.865365712890625,3
1525,2012-12-31,3.900217495117186,3.900217495117186,9
1526,2012-12-31,68.4979500390625,68.4979500390625,40
1527,2012-12-31,180.25180550781255,180.25180550781255,85
1528,2012-12-31,380.26355164550773,380.26355164550773,196
1529,2012-12-31,214.28230200195313,214.28230200195313,157
1530,2012-12-31,113.35330810546876,113.35330810546876,120
1531,2012-12-31,135.4760422363281,135.4760422363281,157
1532,2012-12-31,173.40343408203125,173.40343408203125,224
1533,2012-12-31,185.8771218261719,185.8771218261719,203
1534,2012-12-31,171.10297705078122,171.10297705078122,247
1535,2012-12-31,190.67438818359372,190.67438818359372,315
1536,2012-12-31,160.7196080712891,160.7196080712891,214
1537,2012-12-31,393.0179479150391,393.0179479150391,164
1538,2012-12-31,368.3436315087891,368.3436315087891,122
1539,2012-12-31,248.0340611962891,248.0340611962891,119
1540,2012-12-31,202.1889422998047,202.1889422998047,89
1541,2012-12-31,160.88238559814454,160.88238559814454,90
1542,2012-12-31,128.98704563232423,128.98704563232423,61
1543,2012-12-31,79.79576145263671,79.79576145263671,49
